archive_id,version,date,branch,source_type,source_root_id,relative_path,filename,file_size_bytes,sha256,availability_status,integrity_status,duplicate_group,probable_architecture_era,milestone_selected
BLU-BRANCH-DEV,,2026-08-04T02:03:07.279284+00:00,dev,current_branch_file_set,dad_kernel_root,DevBuild,DevBuild,228328,45c864a14232d09a303f7efb060717f79c36ab64d6bfb8f41d768a0503c9edac,available,readable,,unclassified_branch_file_set,False
BLU-BRANCH-PREVIEW,,2026-05-02T05:40:47.230941+00:00,preview,current_branch_file_set,dad_kernel_root,Preview,Preview,291865,ffe04078f83cedbed1cb61fddd557639d50397ff8ae034ed5e5cbbeaeb74b37f,available,readable,,unclassified_branch_file_set,False
BLU-BRANCH-RELEASE,,2026-03-01T06:38:34+00:00,release,current_branch_file_set,dad_kernel_root,Release,Release,190882,206f8397935d3f1e457139b0e1207e2fc2cf63d808e3ec1dca7a60d5d2791130,available,readable,,unclassified_branch_file_set,False
BLU-HIST-0001,v0.8.1,2026-02-21T22:01:17.721623+00:00,release,archive_file,dad_kernel_root,Release/!Archives/v0.8.x/Blu_v0.8.1_Alpha_R2_TASKIFIED_00_03_04_05.zip,Blu_v0.8.1_Alpha_R2_TASKIFIED_00_03_04_05.zip,47352,55e85cead1c3808a4ae1cabd65abc327a6414a71bfa7a4d64d9177224b92ad15,available,readable,,teaching_reminder_mood_pass_expansion_era,False
BLU-HIST-0002,v0.8.1,2026-02-21T22:14:17.085277+00:00,release,archive_file,dad_kernel_root,Release/!Archives/v0.8.x/Blu_v0.8.1_Alpha_R2_TASKIFIED_00_03_04_05_IDPATCH.zip,Blu_v0.8.1_Alpha_R2_TASKIFIED_00_03_04_05_IDPATCH.zip,47534,5bebbddadd787b4e74847cb3ad9b5034cc2e51c22ac3a6db1bf88aed336b3a21,available,readable,,teaching_reminder_mood_pass_expansion_era,False
BLU-HIST-0003,v0.3.7.2,2025-09-13,release,archive_file,dad_kernel_root,Release/!Archives/v0.3.x/Blu_MergedFiles_Final_2025-09-13_18-22-51_v0.3.7.2.zip,Blu_MergedFiles_Final_2025-09-13_18-22-51_v0.3.7.2.zip,20100,fdbd80b66c0bddc9ae6dc2f9886e9b4b39fb988456e62e16cf0c8ea28ac13c78,available,readable,,early_modular_capability_era,False
BLU-HIST-0004,v0.3.7.5,2025-09-13,release,archive_file,dad_kernel_root,Release/!Archives/v0.3.x/Blu_MergedFiles_MainMerge_2025-09-13_18-37-59_v0.3.7.5.zip,Blu_MergedFiles_MainMerge_2025-09-13_18-37-59_v0.3.7.5.zip,21225,d2b4b2716180e8e0e8639975a38dbcfaf0c7c40ed4644aa10686ca90912e8e6f,available,readable,,early_modular_capability_era,False
BLU-HIST-0005,v0.3.7.4,2025-09-13,release,archive_file,dad_kernel_root,Release/!Archives/v0.3.x/Blu_MergedFiles_MainUpdate_2025-09-13_18-34-07_v0.3.7.4.zip,Blu_MergedFiles_MainUpdate_2025-09-13_18-34-07_v0.3.7.4.zip,21233,19caca8f3cb2fdd59375ab3f4acbb4e755940edac34f9a967b891a36e53f7470,available,readable,,early_modular_capability_era,False
BLU-HIST-0006,v0.3.7.3,2025-09-13,release,archive_file,dad_kernel_root,Release/!Archives/v0.3.x/Blu_MergedFiles_Update_2025-09-13_18-28-35_v0.3.7.3.zip,Blu_MergedFiles_Update_2025-09-13_18-28-35_v0.3.7.3.zip,20971,24bbd6ec53f2286e40b5245302ef2e883f83a825823e0414fd1b83a0e67a7868,available,readable,,early_modular_capability_era,False
BLU-HIST-0007,v0.3.6.4,2025-09-13T05:52:45.118616+00:00,release,archive_file,dad_kernel_root,Release/!Archives/v0.3.x/Blu_Beta_v0.3.6.4.zip,Blu_Beta_v0.3.6.4.zip,22652,cb2cd31cec42b0df784dabb56298d6d4cb73732fe0e8d3f6235639089450f3fb,available,readable,,early_modular_capability_era,False
BLU-HIST-0008,v0.3.7.2,2025-09-13T18:06:43.153096+00:00,release,archive_file,dad_kernel_root,Release/!Archives/v0.3.x/Blu_MergedFiles_Full_v0.3.7.2.zip,Blu_MergedFiles_Full_v0.3.7.2.zip,19835,a588965f4c644c731e2fdfc9c80ee49f4d114503f36814ad058d8b1bbd274624,available,readable,,early_modular_capability_era,False
BLU-HIST-0009,v0.4.3,2025-09-14T15:22:05.181460+00:00,release,archive_file,dad_kernel_root,Release/!Archives/v0.4.x/Blu_v0.4.3_GoldenCopy.zip,Blu_v0.4.3_GoldenCopy.zip,4076,3ae1b306561dcdbe27c10d56debc6d2602e1c7ea3ea759ce4cd6349468a807a6,available,readable,,early_modular_capability_era,False
BLU-HIST-0010,v0.4.4a,2025-09-14T17:04:30.885470+00:00,release,archive_file,dad_kernel_root,Release/!Archives/v0.4.x/Blu_v0.4.4a.zip,Blu_v0.4.4a.zip,7773,05942b0f0659e9a8b5ef1591de238eb66027da15fd6b14d8e46c31f905add343,available,readable,,early_modular_capability_era,False
BLU-HIST-0011,v0.4.4b,2025-09-14T19:09:03.813395+00:00,release,archive_file,dad_kernel_root,Release/!Archives/v0.4.x/Blu_v0.4.4b_FullCore.zip,Blu_v0.4.4b_FullCore.zip,5692,0c63cd17da1e651472a4ad40495ccab0cebc2427e33b15c2baae8e093064b439,available,readable,,early_modular_capability_era,False
BLU-HIST-0012,v0.4.4b,2025-09-14T22:59:15.069494+00:00,release,archive_file,dad_kernel_root,Release/!Archives/v0.4.x/Blu_CoreCapsules_v0.4.4b.zip,Blu_CoreCapsules_v0.4.4b.zip,12110,abb0b33871feaa48c1907b5028af9c73089bfdbea0d99dce6bef38329db2b7b9,available,readable,,early_modular_capability_era,False
BLU-HIST-0013,v0.6.4,2025-09-28T05:44:17.979733+00:00,release,archive_file,dad_kernel_root,Release/!Archives/v0.6.x/Blu_v0.6.4.zip,Blu_v0.6.4.zip,10594,717f672d0e3a9cbf4ef557977bfa49c23c560815940e63a55338530f379f4227,available,readable,,early_modular_capability_era,False
BLU-HIST-0014,v0.6.x,2025-09-28T22:25:46.160435+00:00,release,historical_source_folder,dad_kernel_root,Release/!Archives/v0.6.x,v0.6.x,2292,50be3078d66bebc42b1374bb4fd208cedbce3ecc030a533e958b8402bd51f805,available,readable,,early_modular_capability_era,False
BLU-HIST-0015,v0.8.0,2026-02-15T16:17:40.433749+00:00,release,archive_file,dad_kernel_root,Release/!Archives/v0.8.x/Blu_v0.8.0_Beta_R1.zip,Blu_v0.8.0_Beta_R1.zip,74314,8f5552d2d2694de1ab119e0121dea67c1fb57a3ab367ab6e3a669ee38b2e939b,available,readable,,teaching_reminder_mood_pass_expansion_era,False
BLU-HIST-0016,v0.8.0,2026-02-17T04:54:20.745793+00:00,release,archive_file,dad_kernel_root,Release/!Archives/v0.8.x/Blu_v0.8.0 Beta_R0.zip,Blu_v0.8.0 Beta_R0.zip,57048,f8a3e94b67a6bc5a3924ef48640ff32ad6582186d1174887336ca3e64286edcc,available,readable,,teaching_reminder_mood_pass_expansion_era,False
BLU-HIST-0017,v0.8.0,2026-02-17T04:54:40.689665+00:00,release,archive_file,dad_kernel_root,Release/!Archives/v0.8.x/Blu_v0.8.0 pre-alpha.zip,Blu_v0.8.0 pre-alpha.zip,54291,74c244c330f1bf4a2399d62312a0be3ea6ec0f6de0936848cd03c9b2d8d997a4,available,readable,,teaching_reminder_mood_pass_expansion_era,False
BLU-HIST-0018,v0.8.0,2026-02-17T04:55:02.031612+00:00,release,archive_file,dad_kernel_root,Release/!Archives/v0.8.x/Blu_v0.8.0_Beta_R1_clean_titles.zip,Blu_v0.8.0_Beta_R1_clean_titles.zip,76361,1f1a950ad16543f81c22f411a239cb1f78630f55d03d18e8583d28ea93371188,available,readable,,teaching_reminder_mood_pass_expansion_era,False
BLU-HIST-0019,v0.8.0,2026-02-17T04:55:18.861138+00:00,release,archive_file,dad_kernel_root,Release/!Archives/v0.8.x/Blu_v0.8.0_Beta_Rev3.zip,Blu_v0.8.0_Beta_Rev3.zip,82583,4c5ff5f6a2d5284fd60901dd69335e0ceb81a68bf47c17fc2612db4ef244f176,available,readable,,teaching_reminder_mood_pass_expansion_era,False
BLU-HIST-0020,v0.7.4.1,2026-02-17T04:58:49.315378+00:00,release,archive_file,dad_kernel_root,Release/!Archives/v0.7.x/Blu_v0.7.4.1.zip,Blu_v0.7.4.1.zip,49629,3733e12aeb83aa46d049983fbf5c021e48c96ad90db21f65e751f20c381c7efb,available,readable,,early_modular_capability_era,True
BLU-HIST-0021,v0.8.1,2026-02-19T19:32:13.403496+00:00,release,archive_file,dad_kernel_root,Release/!Archives/v0.8.x/Blu_v0.8.1_Alpha_R1.zip,Blu_v0.8.1_Alpha_R1.zip,41824,1f5a5253e80a1d92a40b97c1c93ee5290cbc0045ccdae079a92d5662f585184d,available,readable,,teaching_reminder_mood_pass_expansion_era,False
BLU-HIST-0022,v0.8.1,2026-02-21T21:43:45.699717+00:00,release,archive_file,dad_kernel_root,Release/!Archives/v0.8.x/Blu_v0.8.1_Alpha_R2.zip,Blu_v0.8.1_Alpha_R2.zip,47827,2aa35d4d9309334a38bfd58e99f68fae2df7f33fc59bc0000c5212da86959f9c,available,readable,,teaching_reminder_mood_pass_expansion_era,False
BLU-HIST-0023,v0.8.1,2026-02-21T21:50:22.712825+00:00,release,archive_file,dad_kernel_root,Release/!Archives/v0.8.x/Blu_v0.8.1_Alpha_R2_TASKIFIED_00LEAN.zip,Blu_v0.8.1_Alpha_R2_TASKIFIED_00LEAN.zip,46626,61d3390739be58c168aa34299b4d9a333e9d484ec14ad69d921d04197cb2db92,available,readable,,teaching_reminder_mood_pass_expansion_era,False
BLU-HIST-0024,v0.8.1,2026-02-21T21:53:10.163239+00:00,release,archive_file,dad_kernel_root,Release/!Archives/v0.8.x/Blu_v0.8.1_Alpha_R2_TASKIFIED_00_04LEAN.zip,Blu_v0.8.1_Alpha_R2_TASKIFIED_00_04LEAN.zip,46702,b1c9d1cf5dd344adcf38ca18c23a24903610f52ac17c3914d884c50f26a5a8d8,available,readable,,teaching_reminder_mood_pass_expansion_era,False
BLU-HIST-0025,v0.8.1,2026-02-21T22:28:29.718384+00:00,release,archive_file,dad_kernel_root,Release/!Archives/v0.8.x/Blu_v0.8.1_Alpha_R2_TASKIFIED_IDGATE_IN_INSTRUCTIONS.zip,Blu_v0.8.1_Alpha_R2_TASKIFIED_IDGATE_IN_INSTRUCTIONS.zip,48147,6f67f2ea32f04043adaa9a83f866cfa86e1f51fd227ac81cf947e98407d7b567,available,readable,,teaching_reminder_mood_pass_expansion_era,False
BLU-HIST-0026,v0.8.1,2026-02-21T23:57:20.212918+00:00,release,archive_file,dad_kernel_root,Release/!Archives/v0.8.x/Blu_v0.8.1_Alpha_R3_OPSECQUIRKS_IDGATE.zip,Blu_v0.8.1_Alpha_R3_OPSECQUIRKS_IDGATE.zip,98141,e6ad2062eded9cb70d52dbec40246ef0c1108c6f2ccf0af6291c3385e356b1d4,available,readable,,teaching_reminder_mood_pass_expansion_era,False
BLU-HIST-0027,v0.8.1,2026-02-22T00:09:48.731050+00:00,release,archive_file,dad_kernel_root,Release/!Archives/v0.8.x/Blu_v0.8.1_Alpha_R3_OPSECQUIRKS_IDGATE_PATCHED_GREETS_TASK.zip,Blu_v0.8.1_Alpha_R3_OPSECQUIRKS_IDGATE_PATCHED_GREETS_TASK.zip,49876,8d0aba67b79f30aff4d38cd2271db73e48a8a17e2b671034359e33948d74d8df,available,readable,,teaching_reminder_mood_pass_expansion_era,False
BLU-HIST-0028,v0.8.1,2026-02-22T00:22:21.584271+00:00,release,archive_file,dad_kernel_root,Release/!Archives/v0.8.x/Blu_v0.8.1_Alpha_R3_IDGATE_OPSEC_FIXES_HEADROOM.zip,Blu_v0.8.1_Alpha_R3_IDGATE_OPSEC_FIXES_HEADROOM.zip,49466,48a3720d25f4da6756d24b7bc2690ee90dc5165f3bd812b0cefdc236cdf3ecfc,available,readable,,teaching_reminder_mood_pass_expansion_era,False
BLU-HIST-0029,v0.8.1,2026-02-23,release,archive_file,dad_kernel_root,Release/!Archives/v0.8.x/2026-02-23_Blu_v0.8.1_R3_Final.zip,2026-02-23_Blu_v0.8.1_R3_Final.zip,49809,421d95e897bbf029bc9bcb927c8d1061872070b88c559c8f56e6e5f97d1e528f,available,readable,,teaching_reminder_mood_pass_expansion_era,False
BLU-HIST-0030,v0.8.1,2026-02-23,release,archive_file,dad_kernel_root,Release/!Archives/v0.8.x/2026-02-23_Blu_v0.8.1_R4.zip,2026-02-23_Blu_v0.8.1_R4.zip,38096,ff96505635de3646a0e436f799c87b33b5b08b094faa857f2da6b58eaec53371,available,readable,,teaching_reminder_mood_pass_expansion_era,False
BLU-HIST-0031,v0.8.1,2026-02-23,release,archive_file,dad_kernel_root,Release/!Archives/v0.8.x/2026-02-23_BLU_v0.8.1_R4_Full.zip,2026-02-23_BLU_v0.8.1_R4_Full.zip,56019,dbec12670d4dbd4afff8366fbb175c607967b971b52bd6a270e0826b028f8431,available,readable,,teaching_reminder_mood_pass_expansion_era,False
BLU-HIST-0032,v0.8.1,2026-02-24,release,archive_file,dad_kernel_root,Release/!Archives/v0.8.x/2026-02-24_1736_Blu_v0.8.1_R5.1.zip,2026-02-24_1736_Blu_v0.8.1_R5.1.zip,61142,1ee13447b107909f8f6c353461c371634f4642841dae0f81abb210c4b681fb57,available,readable,,teaching_reminder_mood_pass_expansion_era,False
BLU-HIST-0033,v0.8.1,2026-02-24,release,archive_file,dad_kernel_root,Release/!Archives/v0.8.x/2026-02-24_Blu_v0.8.1_R5.zip,2026-02-24_Blu_v0.8.1_R5.zip,59853,8567646575d17476606ec2bd10a151df8765ea4d50425d7977de406bace52328,available,readable,,teaching_reminder_mood_pass_expansion_era,False
BLU-HIST-0034,v0.8.1,2026-02-25,release,archive_file,dad_kernel_root,Release/!Archives/v0.8.x/2026-02-25_0000_CST_Blu_v0.8.2.zip,2026-02-25_0000_CST_Blu_v0.8.2.zip,66367,470bddd1d4079142c8abb63a56745d7413b3f6cf5a858e0debca849d5907b1b2,available,readable,,teaching_reminder_mood_pass_expansion_era,False
BLU-HIST-0035,v0.8.2,2026-02-25,release,archive_file,dad_kernel_root,Release/!Archives/v0.8.x/2026-02-25_2341_CST_Blu_v0.8.2.zip,2026-02-25_2341_CST_Blu_v0.8.2.zip,67909,a3d1c7174fe288deee66c27968d26b40e1496c496a63cbd601d0a2ec28b4d372,available,readable,,teaching_reminder_mood_pass_expansion_era,False
BLU-HIST-0036,v0.8.2,2026-02-26,release,archive_file,dad_kernel_root,Release/!Archives/v0.8.x/2026-02-26_1533_CST_Blu_v0.8.2_RC0.zip,2026-02-26_1533_CST_Blu_v0.8.2_RC0.zip,67307,0d070a3afbd3b0b5da10e1b5670b6ac512d3f634200e3d7a5b2666192d0c6703,available,readable,,teaching_reminder_mood_pass_expansion_era,False
BLU-HIST-0037,v0.8.2,2026-02-26,release,archive_file,dad_kernel_root,Release/!Archives/v0.8.x/2026-02-26_1533_CST_Blu_v0.8.2_RC1.zip,2026-02-26_1533_CST_Blu_v0.8.2_RC1.zip,76453,2170c4f2e96aea571155f3cc0c0797635e43c42c286cd7d6e44ee5a01b78372a,available,readable,,teaching_reminder_mood_pass_expansion_era,False
BLU-HIST-0038,v0.8.2,2026-02-26,release,archive_file,dad_kernel_root,Release/!Archives/v0.8.x/2026-02-26_2022_CST_Blu_v0.8.2_R1.zip,2026-02-26_2022_CST_Blu_v0.8.2_R1.zip,73516,a55a17bd9d41b3f17f3da990b25c036eeaf687e0a65e7752c70e7266f1cce5b1,available,readable,,teaching_reminder_mood_pass_expansion_era,False
BLU-HIST-0039,v0.8.2,2026-02-26,release,archive_file,dad_kernel_root,Release/!Archives/v0.8.x/2026-02-26_2358_CST_Blu_v0.8.2_R2.zip,2026-02-26_2358_CST_Blu_v0.8.2_R2.zip,74611,c54c8fd5d70ce8dffcee9cf32011a9cd6e5e1f62245df04e6bbef378516a1f00,available,readable,,teaching_reminder_mood_pass_expansion_era,False
BLU-HIST-0040,v0.8.2,2026-02-27,release,archive_file,dad_kernel_root,Release/!Archives/v0.8.x/2026-02-27_1523_CST_Blu_v0.8.2_R3.zip,2026-02-27_1523_CST_Blu_v0.8.2_R3.zip,77891,51ebd75814da689fee8897a2959d0c18f928db60bc16de9b794d27548b856e0a,available,readable,,teaching_reminder_mood_pass_expansion_era,False
BLU-HIST-0041,v0.8.2,2026-02-27,release,archive_file,dad_kernel_root,Release/!Archives/v0.8.x/2026-02-27_2308_CST_Blu_v0.8.2_R3.zip,2026-02-27_2308_CST_Blu_v0.8.2_R3.zip,79948,46004d3659be97d448fe106cc56da21e9e9cc758b9e7ea6a26b7af98900c8651,available,readable,,teaching_reminder_mood_pass_expansion_era,False
BLU-HIST-0042,v0.8.2,2026-02-28,release,archive_file,dad_kernel_root,Release/!Archives/v0.8.x/2026-02-28_2154_CST_Blu_v0.8.2.zip,2026-02-28_2154_CST_Blu_v0.8.2.zip,80141,fdf82fca150aad7c42b066a17dcedaa1f2535bd0982197b99d0e4edee09333da,available,readable,,teaching_reminder_mood_pass_expansion_era,False
BLU-HIST-0043,v0.8.4,2026-02-28,release,archive_file,dad_kernel_root,Release/!Archives/v0.8.x/2026-02-28_2155_CST_Blu_v0.8.4.zip,2026-02-28_2155_CST_Blu_v0.8.4.zip,81311,28c7076fbb6cf23e7d8def767ab2e0a78ed482c64a120a5dd54f7c9ae4925345,available,readable,,teaching_reminder_mood_pass_expansion_era,False
BLU-HIST-0044,v0.8.4,2026-03-01,release,archive_file,dad_kernel_root,Release/!Archives/v0.8.x/2026-03-01_1148_CST_Blu_v0.8.4_Preview.zip,2026-03-01_1148_CST_Blu_v0.8.4_Preview.zip,80455,0ec11463e5ee2048835bcaffdf121e3b79bba30af505fd4d5afdefa2694697bd,available,readable,,teaching_reminder_mood_pass_expansion_era,False
BLU-HIST-0045,v0.8.4,2026-03-01,release,archive_file,dad_kernel_root,Release/!Archives/v0.8.x/2026-03-01_1908_CST_Blu_v0.8.4_Preview.zip,2026-03-01_1908_CST_Blu_v0.8.4_Preview.zip,75771,dc554b95b8d9f80d47d38e7a61c23fc0cbc0422275cf53b0d25bf2633d968fcc,unsupported_format,not_tested,,teaching_reminder_mood_pass_expansion_era,False
BLU-HIST-0046,v0.8.4,2026-03-04,release,archive_file,dad_kernel_root,Release/!Archives/v0.8.x/2026-03-04_1642_CST_Blu_v0.8.4_Preview.zip,2026-03-04_1642_CST_Blu_v0.8.4_Preview.zip,75856,5a30217036f76cd3ef220085016073cc966e8bbc93ac7474d5a15360536e3e8b,unsupported_format,not_tested,,teaching_reminder_mood_pass_expansion_era,False
BLU-HIST-0047,v0.8.4,2026-03-04,release,archive_file,dad_kernel_root,Release/!Archives/v0.8.x/2026-03-04_1702_CST_Blu_v0.8.4_Preview_KERNEL_PATCHED.zip,2026-03-04_1702_CST_Blu_v0.8.4_Preview_KERNEL_PATCHED.zip,80328,f387728ee4431b18df3291ce94a7f4c1f0d68141504f1c3489fed2659888d4e6,available,readable,,teaching_reminder_mood_pass_expansion_era,False
BLU-HIST-0048,v0.8.4,2026-03-04,release,archive_file,dad_kernel_root,Release/!Archives/v0.8.x/2026-03-04_230815_Blu_v0.8.4_Preview_KERNEL_PATCHED_PASS_SKILLFORGE.zip,2026-03-04_230815_Blu_v0.8.4_Preview_KERNEL_PATCHED_PASS_SKILLFORGE.zip,79789,d017998a5bb2ac51912e6147bcf872de2a993fac1ed6d5a95a12d2b52ec02ad8,available,readable,,teaching_reminder_mood_pass_expansion_era,False
BLU-HIST-0049,v0.8.4,2026-03-04,release,archive_file,dad_kernel_root,Release/!Archives/v0.8.x/2026-03-04_233000_Blu_v0.8.4_Preview_KERNEL_PATCHED_PASS_SKILLFORGE.zip,2026-03-04_233000_Blu_v0.8.4_Preview_KERNEL_PATCHED_PASS_SKILLFORGE.zip,80283,2bf2777787bfcc278f975add0a9a0c6e71f0940136a2e68e6577308dfedffaa4,available,readable,,teaching_reminder_mood_pass_expansion_era,False
BLU-HIST-0050,v0.8.4,2026-03-04,release,archive_file,dad_kernel_root,Release/!Archives/v0.8.x/2026-03-04_235900_Blu_v0.8.4_Preview_KERNEL_PROGRAM_FIRST.zip,2026-03-04_235900_Blu_v0.8.4_Preview_KERNEL_PROGRAM_FIRST.zip,81421,9b9216cb169d04e9d5d89f00ea223587cba7d08b924ad9160b6118451e98c7f8,available,readable,,teaching_reminder_mood_pass_expansion_era,False
BLU-HIST-0051,v0.8.4,2026-03-05,release,archive_file,dad_kernel_root,Release/!Archives/v0.8.x/2026-03-05_000320_Blu_v0.8.4_Preview_KERNEL_PROGRAM_FIRST_ERRMACRO.zip,2026-03-05_000320_Blu_v0.8.4_Preview_KERNEL_PROGRAM_FIRST_ERRMACRO.zip,82615,2fc75941525e40a4ec42e4b63de670ed250c715ff17b6dd76034a8afd03d4363,available,readable,,teaching_reminder_mood_pass_expansion_era,False
BLU-HIST-0052,v0.8.4,2026-03-05,release,archive_file,dad_kernel_root,Release/!Archives/v0.8.x/2026-03-05_0030_CST_Blu_v0.8.4_preview.zip,2026-03-05_0030_CST_Blu_v0.8.4_preview.zip,81656,2a50270d8a9a22aaca00d431474602253b19dd2faaccc07a2468584aacad2d7e,available,readable,,teaching_reminder_mood_pass_expansion_era,False
BLU-HIST-0053,v0.8.x,2026-03-05,release,archive_file,dad_kernel_root,Release/!Archives/v0.8.x/2026-03-05_003800_Preview_KERNEL_PASS_ARTIFACT_FIRST_DUALLANE.zip,2026-03-05_003800_Preview_KERNEL_PASS_ARTIFACT_FIRST_DUALLANE.zip,82518,4f767c20136da4f5fdf051621f454355aa8617fd4ec3d2c4d069de56bf8346ae,available,readable,,teaching_reminder_mood_pass_expansion_era,False
BLU-HIST-0054,v0.8.x,2026-03-05,release,archive_file,dad_kernel_root,Release/!Archives/v0.8.x/2026-03-05_0156_PreviewKernel_GURUS_UNIFORMITY_1.2.0.zip,2026-03-05_0156_PreviewKernel_GURUS_UNIFORMITY_1.2.0.zip,91429,6fb19bf6f6f243053149dc5255c74cdc4f1db80341834c8ec7159658e39060ef,available,readable,,teaching_reminder_mood_pass_expansion_era,False
BLU-HIST-0055,v0.8.x,2026-03-05,release,archive_file,dad_kernel_root,Release/!Archives/v0.8.x/2026-03-05_0220_PreviewKernel_PASS_NORMALIZE_1.2.1.zip,2026-03-05_0220_PreviewKernel_PASS_NORMALIZE_1.2.1.zip,93974,8b79ea8ea10f022b25143b63f2008f14a19ee03c63313369f64a42f403162b00,available,readable,,teaching_reminder_mood_pass_expansion_era,True
BLU-HIST-0056,v0.8.3,2026-03-05,release,archive_file,dad_kernel_root,Release/!Archives/v0.8.x/2026-03-05_0240_PreviewKernel_PASS_WIRING_0.8.3.zip,2026-03-05_0240_PreviewKernel_PASS_WIRING_0.8.3.zip,82338,62555ffc38925b0c2a0a3a22ff12a3501859e05ede51a8c71fc46c7755ea3a2f,available,readable,,teaching_reminder_mood_pass_expansion_era,False
BLU-HIST-0057,v0.8.4,2026-03-06,release,archive_file,dad_kernel_root,Release/!Archives/v0.8.x/2026-03-06_1500_CST_Blu_v0.8.4_Preview.zip,2026-03-06_1500_CST_Blu_v0.8.4_Preview.zip,82845,bb09ebacc65329f74c71ea3c1a89098f98c9994e38fd4e6f9bbfec4e498f980b,available,readable,,teaching_reminder_mood_pass_expansion_era,False
BLU-HIST-0058,v0.8.4,2026-03-06,release,archive_file,dad_kernel_root,Release/!Archives/v0.8.x/2026-03-06_1656_CST_Blu_v0.8.4_Preview.zip,2026-03-06_1656_CST_Blu_v0.8.4_Preview.zip,83116,29709b06becae9b4de49669ab2d33e3d23cd39a07b7dbf25c6f43bb908ef8d64,available,readable,,teaching_reminder_mood_pass_expansion_era,False
BLU-HIST-0059,v0.8.5,2026-03-06,release,archive_file,dad_kernel_root,Release/!Archives/v0.8.x/2026-03-06_2205_CST_Blu_v0.8.5_Preview.zip,2026-03-06_2205_CST_Blu_v0.8.5_Preview.zip,83726,c1d4493e868e46153368588315b739cb7f211a6677d1d8c738efeeaef17415ec,available,readable,,teaching_reminder_mood_pass_expansion_era,False
BLU-HIST-0060,v0.8.5,2026-03-06,release,archive_file,dad_kernel_root,Release/!Archives/v0.8.x/2026-03-06_2227_CST_Blu_v0.8.5_Preview.zip,2026-03-06_2227_CST_Blu_v0.8.5_Preview.zip,85697,1c5973c495ad90712926ca05a6a9b30b8526a9d9cdc55a883583c56bc02353df,unsupported_format,not_tested,,teaching_reminder_mood_pass_expansion_era,False
BLU-HIST-0061,v0.8.5,2026-03-07,release,archive_file,dad_kernel_root,Release/!Archives/v0.8.x/2026-03-07_1018_CST_Blu_v0.8.5_Preview.zip,2026-03-07_1018_CST_Blu_v0.8.5_Preview.zip,78733,57a8db8b5ae4f3b5607fc62da9e6d5bf2018ab47282467ca48b76c6aeb5edeb2,available,readable,,teaching_reminder_mood_pass_expansion_era,False
BLU-HIST-0062,v0.8.5,2026-03-07,release,archive_file,dad_kernel_root,Release/!Archives/v0.8.x/2026-03-07_1053_CST_Blu_v0.8.5_Preview.zip,2026-03-07_1053_CST_Blu_v0.8.5_Preview.zip,79765,6b12ff2ccff46b458ac52f8c916a911c2af3ee3f62558c696c42ea4d96c99352,available,readable,,teaching_reminder_mood_pass_expansion_era,False
BLU-HIST-0063,v0.9.0,2026-03-07,release,archive_file,dad_kernel_root,Release/!Archives/v0.9.0/2026-03-07_1527_CST_Blu_v0.9.0_Preview.zip,2026-03-07_1527_CST_Blu_v0.9.0_Preview.zip,73619,c45f69d755a3e1d3d1de5972185f999a7e84e6d8cb723a2cdde0f5148688dc24,available,readable,,pass_continuity_expansion_era,False
BLU-HIST-0064,v0.9.0,2026-03-07,release,archive_file,dad_kernel_root,Release/!Archives/v0.9.0/2026-03-07_2243_CST_Blu_v0.9.0_Preview.zip,2026-03-07_2243_CST_Blu_v0.9.0_Preview.zip,52331,a76968613274fb73b503b995f2c46674b6b52da2980ec921bc8c6981dfd7f5fb,available,readable,,pass_continuity_expansion_era,False
BLU-HIST-0065,v0.9.0,2026-03-08,release,archive_file,dad_kernel_root,Release/!Archives/v0.9.0/2026-03-08_0004_CST_Blu_v0.9.0_Preview.zip,2026-03-08_0004_CST_Blu_v0.9.0_Preview.zip,52259,e7f45a61ef276e215fb2486e213041189b1732ac7eee930273cde9f0c608db9a,available,readable,,pass_continuity_expansion_era,False
BLU-HIST-0066,v0.9.0,2026-03-08,release,archive_file,dad_kernel_root,Release/!Archives/v0.9.0/2026-03-08_2332_Blu_v0.9.0_Preview.zip,2026-03-08_2332_Blu_v0.9.0_Preview.zip,47061,f03b942c420c32880d9fd4500167c1dda3c1d40a934fd7d277306ead609c83c7,available,readable,,pass_continuity_expansion_era,False
BLU-HIST-0067,v0.9.0,2026-03-09,release,archive_file,dad_kernel_root,Release/!Archives/v0.9.0/2026-03-09_2024_CST_Blu_v0.9.0_Preview_AntiDrift_Patched.zip,2026-03-09_2024_CST_Blu_v0.9.0_Preview_AntiDrift_Patched.zip,49603,95f779479a529d2093cc47495c05472a47889c735bf6f8aa6672bf5449515d29,available,readable,,pass_continuity_expansion_era,False
BLU-HIST-0068,v0.9.0,2026-03-10,release,archive_file,dad_kernel_root,Release/!Archives/v0.9.0/2026-03-10_0037_CST_Blu_v0.9.0_Preview.zip,2026-03-10_0037_CST_Blu_v0.9.0_Preview.zip,50220,81c0a4cb57778dd7099ec39879600f2efcbe9107bf218c4065b27403c72b57a9,available,readable,,pass_continuity_expansion_era,False
BLU-HIST-0069,v0.9.0,2026-03-10,release,archive_file,dad_kernel_root,Release/!Archives/v0.9.0/2026-03-10_0809_CST_Blu_v0.9.0_Preview.zip,2026-03-10_0809_CST_Blu_v0.9.0_Preview.zip,53602,bd8be50a4c1a2eb01a69ea2c6c4f1cf1b9224bfb967407d9d0863d516b206e67,available,readable,,pass_continuity_expansion_era,False
BLU-HIST-0070,v0.9.0,2026-03-10,release,archive_file,dad_kernel_root,Release/!Archives/v0.9.0/2026-03-10_1546_CST_Blu_v0.9.0_Preview.zip,2026-03-10_1546_CST_Blu_v0.9.0_Preview.zip,59827,7544e3b4f5afb57fe2c4319adecafad0fda342d3c4932835f63f025d2fd1a9c5,available,readable,,pass_continuity_expansion_era,False
BLU-HIST-0071,v0.9.0,2026-03-10,release,archive_file,dad_kernel_root,Release/!Archives/v0.9.0/2026-03-10_1551_CST_Blu_v0.9.0_Preview.zip,2026-03-10_1551_CST_Blu_v0.9.0_Preview.zip,62331,11b761597143261e1724f58ed92514d72f311981f496ed3f46bcc51cc8b042da,available,readable,,pass_continuity_expansion_era,False
BLU-HIST-0072,v0.9.0,2026-03-10,release,archive_file,dad_kernel_root,Release/!Archives/v0.9.0/2026-03-10_1551_CST_Blu_v0.9.0_Preview_MMU_Integrated.zip,2026-03-10_1551_CST_Blu_v0.9.0_Preview_MMU_Integrated.zip,67462,510f106cb4f75cb3f1e0f8bb2f6d04f55a4e12e2423972255f4a1249367acb3e,available,readable,,pass_continuity_expansion_era,False
BLU-HIST-0073,v0.9.0,2026-03-11,release,archive_file,dad_kernel_root,Release/!Archives/v0.9.0/2026-03-11_0002_CST_Blu_v0.9.0_Preview.zip,2026-03-11_0002_CST_Blu_v0.9.0_Preview.zip,66052,7ff29bd9d1122aa2108b0f32f9a7bb08ba71d769418691cba712bb99bd733a46,available,readable,,pass_continuity_expansion_era,False
BLU-HIST-0074,v0.9.0,2026-03-11,release,archive_file,dad_kernel_root,Release/!Archives/v0.9.0/2026-03-11_1743_CST_Blu_v0.9.0_Preview.zip,2026-03-11_1743_CST_Blu_v0.9.0_Preview.zip,67727,1a0099a2666a69393bad4fc66701fabd4626208ce214a4d00f40d5fdc0b8defe,unsupported_format,not_tested,,pass_continuity_expansion_era,False
BLU-HIST-0075,v0.9.0,2026-03-12,release,archive_file,dad_kernel_root,Release/!Archives/v0.9.0/2026-03-12_2203_CST_Blu_v0.9.0_Preview_MMU_patch.zip,2026-03-12_2203_CST_Blu_v0.9.0_Preview_MMU_patch.zip,72027,894e5000624cf2754d657479975528ea9bf140b3cb19adc0d0187ddff1217e7b,available,readable,,pass_continuity_expansion_era,False
BLU-HIST-0076,v0.9.0,2026-03-12,release,archive_file,dad_kernel_root,Release/!Archives/v0.9.0/2026-03-12_2254_CST_Blu_v0.9.0_Preview.zip,2026-03-12_2254_CST_Blu_v0.9.0_Preview.zip,72486,04ef8dbd239f0d929a90daf88558610a83f2b408daeb498357a0b9261a4c5f1d,available,readable,,pass_continuity_expansion_era,False
BLU-HIST-0077,v0.9.0,2026-03-13,release,archive_file,dad_kernel_root,Release/!Archives/v0.9.0/2026-03-13_0002_CST_Blu_v0.9.0_Preview.zip,2026-03-13_0002_CST_Blu_v0.9.0_Preview.zip,69498,791f69a511056c937df85ce9bdb422aa184509e95eb4567ef5e7e9cb997f3dbf,available,readable,,pass_continuity_expansion_era,False
BLU-HIST-0078,v0.9.0,2026-03-13,release,archive_file,dad_kernel_root,Release/!Archives/v0.9.0/2026-03-13_0743_CST_Blu_v0.9.0_Preview.zip,2026-03-13_0743_CST_Blu_v0.9.0_Preview.zip,69734,8f3d8bb9b55741a334904a4b458d7371e65036dde2a04e7b10db0c17c6dbb0d5,unsupported_format,not_tested,,pass_continuity_expansion_era,False
BLU-HIST-0079,v0.9.0,2026-03-13,release,archive_file,dad_kernel_root,Release/!Archives/v0.9.0/2026-03-13_0758_CDT_Blu_v0.9.0_Preview.zip,2026-03-13_0758_CDT_Blu_v0.9.0_Preview.zip,73710,7e4cf1169e1f90da5b7745cfadf3089a2e8c23a7f57203d0e3cb1ef8af7e07eb,available,readable,,pass_continuity_expansion_era,False
BLU-HIST-0080,v0.9.0,2026-03-13,release,archive_file,dad_kernel_root,Release/!Archives/v0.9.0/2026-03-13_1554_CDT_Blu_v0.9.0_Preview.zip,2026-03-13_1554_CDT_Blu_v0.9.0_Preview.zip,77273,eccab293807ec8e273aa74e69e76ac080fc8379d619b472bfbe76560e7027005,available,readable,,pass_continuity_expansion_era,False
BLU-HIST-0081,v0.9.0,2026-03-13,release,archive_file,dad_kernel_root,Release/!Archives/v0.9.0/2026-03-13_1848_CDT_Blu_v0.9.0_Preview.zip,2026-03-13_1848_CDT_Blu_v0.9.0_Preview.zip,71258,f776a9a1496b951d42f4c051fbb7e27b4539a04fbecc7d071dd2d1c0f922b1ec,unsupported_format,not_tested,,pass_continuity_expansion_era,False
BLU-HIST-0082,v0.9.0,2026-03-13,release,archive_file,dad_kernel_root,Release/!Archives/v0.9.0/2026-03-13_1910_CDT_Blu_v0.9.0_Preview.zip,2026-03-13_1910_CDT_Blu_v0.9.0_Preview.zip,71945,a02ece29f1f7bcb2d78bbc5b34fbc9f5e1376da9f9d2a8f4497771ae8aea11e3,unsupported_format,not_tested,,pass_continuity_expansion_era,False
BLU-HIST-0083,v0.9.0,2026-03-13,release,archive_file,dad_kernel_root,Release/!Archives/v0.9.0/2026-03-13_1925_CDT_Blu_v0.9.0_Preview.zip,2026-03-13_1925_CDT_Blu_v0.9.0_Preview.zip,77138,b44267aa0dd98c7d60d94df420b66c0ff69fcac7e7c22799daec9b9696974e06,available,readable,,pass_continuity_expansion_era,False
BLU-HIST-0084,v0.9.0,2026-03-13,release,archive_file,dad_kernel_root,Release/!Archives/v0.9.0/2026-03-13_2157_CDT_Blu_v0.9.0_Preview_MMUPATCH.zip,2026-03-13_2157_CDT_Blu_v0.9.0_Preview_MMUPATCH.zip,77078,ece8030817873c08a02dc9da821d11e786fca2931c7f1cf26e00b743320dd677,available,readable,,pass_continuity_expansion_era,False
BLU-HIST-0085,v0.9.0,2026-03-13,release,archive_file,dad_kernel_root,Release/!Archives/v0.9.0/2026-03-13_2157_CDT_Blu_v0.9.0_Preview_STAGE9_ACCEPTANCEDRIFTAUDITLOCK.zip,2026-03-13_2157_CDT_Blu_v0.9.0_Preview_STAGE9_ACCEPTANCEDRIFTAUDITLOCK.zip,79711,7401a7a0d2ba6be679088ab51aeb1d9838c42a5903467f2633a31be41851f0b2,available,readable,,pass_continuity_expansion_era,False
BLU-HIST-0086,v0.9.0,2026-03-16,release,archive_file,dad_kernel_root,Release/!Archives/v0.9.0/2026-03-16_1530_CST_Bluv0.9.0_Preview.zip,2026-03-16_1530_CST_Bluv0.9.0_Preview.zip,81411,f7a7b2e20f25815f7796572771203070bda8849e54331630e65bd1521001d456,available,readable,,pass_continuity_expansion_era,False
BLU-HIST-0087,v0.9.0,2026-03-16,release,archive_file,dad_kernel_root,Release/!Archives/v0.9.0/2026-03-16_1600_CST_Blu_v0.9.0_Preview.zip,2026-03-16_1600_CST_Blu_v0.9.0_Preview.zip,84499,3be907c3c51745768dabc7b87218076e4746a73089f16ae6cb9e6f9deb78cb02,available,readable,,pass_continuity_expansion_era,False
BLU-HIST-0088,v0.9.0,2026-03-16,release,archive_file,dad_kernel_root,Release/!Archives/v0.9.0/2026-03-16_2122_CST_Blu_v0.9.0_Preview.zip,2026-03-16_2122_CST_Blu_v0.9.0_Preview.zip,83904,ecc9831bda2b1c106d58b606a55bca21dcb119ed4d81b8f1745285ca75a0fac5,available,readable,,pass_continuity_expansion_era,False
BLU-HIST-0089,v0.9.0,2026-03-16,release,archive_file,dad_kernel_root,Release/!Archives/v0.9.0/2026-03-16_2122_CST_Blu_v0.9.0_Preview_OPs_Patch.zip,2026-03-16_2122_CST_Blu_v0.9.0_Preview_OPs_Patch.zip,87681,c37660434a374feddd7b4d7491c3669c42ab72ba2de70b5908984ed6bc25f9d6,available,readable,,pass_continuity_expansion_era,False
BLU-HIST-0090,v0.9.0,2026-03-20,release,historical_source_folder,dad_kernel_root,Release/!Archives/v0.9.0/2026-03-20_1252_CDT_Blu_PASS_RC_Stabilization_Patch,2026-03-20_1252_CDT_Blu_PASS_RC_Stabilization_Patch,268699,f43cbb29c7ee22c4f9de8d2dbb77b96e596d034dc6c90446c5744fd6429ca6d7,available,readable,,pass_continuity_expansion_era,False
BLU-HIST-0091,v0.9.0,2026-03-20,release,archive_file,dad_kernel_root,Release/!Archives/v0.9.0/2026-03-20_1252_CDT_Blu_PASS_RC_Stabilization_Patch.zip,2026-03-20_1252_CDT_Blu_PASS_RC_Stabilization_Patch.zip,89419,69229509d71d66e7ff7b94ac7611886468a4a1c92138522689b1280db96d9f31,available,readable,,pass_continuity_expansion_era,True
BLU-HIST-0092,v0.9.1,2026-03-21,release,archive_file,dad_kernel_root,Release/!Archives/v0.9.0/2026-03-21_1600_Blu_v0.9.1_preview.zip,2026-03-21_1600_Blu_v0.9.1_preview.zip,56930,afb3091d9e403924d2a160e674f426a176d2299cf002f6625dbed353efec7fed,available,readable,,pass_continuity_expansion_era,False
BLU-HIST-0093,v0.9.1,2026-03-21,release,archive_file,dad_kernel_root,Release/!Archives/v0.9.0/2026-03-21_1954_CST_Blu_v0_9_1_Rebuild.zip,2026-03-21_1954_CST_Blu_v0_9_1_Rebuild.zip,58136,b92a10f56754809d1ac48c12a2ef72b3e810666c3269686a7064cc18475f27ce,available,readable,,pass_continuity_expansion_era,False
BLU-HIST-0094,v0.10.0,2026-03-26,release,archive_file,dad_kernel_root,Release/!Archives/v0.10.x/2026-03-26_1200_Blu_v0.10.0_Preview.zip,2026-03-26_1200_Blu_v0.10.0_Preview.zip,35527,dab5e4c082f34f54dc9461b6ca7cf53f45603904a621ea47d727347ab479854a,available,readable,,preview_modular_kernel_era,False
BLU-HIST-0095,v0.11.0,2026-03-29,release,archive_file,dad_kernel_root,Release/!Archives/v0.11.x/2026-03-29_1253_Blu_v0.11.0_Preview.zip,2026-03-29_1253_Blu_v0.11.0_Preview.zip,40024,ea5607eb54aefd0308c80cebf3cb1546e8a719375962ffc3ef40d00b43d40a4d,available,readable,,preview_modular_kernel_era,False
BLU-HIST-0096,v0.11.0,2026-03-29,release,archive_file,dad_kernel_root,Release/!Archives/v0.11.x/2026-03-29_1521_Blu_v0.11.0_Preview.zip,2026-03-29_1521_Blu_v0.11.0_Preview.zip,40075,214d809ec7f93104977830d62e43da5d77939b86678103d1dec2359101f96979,available,readable,,preview_modular_kernel_era,False
BLU-HIST-0097,v0.11.0,2026-03-29,release,archive_file,dad_kernel_root,Release/!Archives/v0.11.x/2026-03-29_1521_Blu_v0.11.0_Preview_patched_mood.zip,2026-03-29_1521_Blu_v0.11.0_Preview_patched_mood.zip,41233,19315052742bcceb36230e026323a8b1cea481d5eeb0fa5ec96aeac329fa7801,available,readable,,preview_modular_kernel_era,False
BLU-HIST-0098,v0.11.0,2026-03-29,release,archive_file,dad_kernel_root,Release/!Archives/v0.11.x/2026-03-29_1652_Blu_v0.11.0_Preview.zip,2026-03-29_1652_Blu_v0.11.0_Preview.zip,40384,11263ad1281c35e2680ecec3aff099d124cc88fcbb05cb0d51c3a78d8ffc70f4,available,readable,,preview_modular_kernel_era,False
BLU-HIST-0099,v0.11.0,2026-03-29,release,archive_file,dad_kernel_root,Release/!Archives/v0.11.x/2026-03-29_1652_Blu_v0.11.0_Preview_patched_mood_exec.zip,2026-03-29_1652_Blu_v0.11.0_Preview_patched_mood_exec.zip,41678,9fd5b2fddada524faaa0182c4f1449796ee431d30e162d8a20c43c2cbb173609,available,readable,,preview_modular_kernel_era,False
BLU-HIST-0100,v0.11.0,2026-03-29,release,archive_file,dad_kernel_root,Release/!Archives/v0.11.x/2026-03-29_1837_Blu_v0.11.0_Preview_patched_exec_output_discipline.zip,2026-03-29_1837_Blu_v0.11.0_Preview_patched_exec_output_discipline.zip,40882,e062cfd18da5a6670698db9492451cf9d28453a6a728589fe7cde2f5aab8e82e,available,readable,,preview_modular_kernel_era,False
BLU-HIST-0101,v0.11.0,2026-03-31,release,archive_file,dad_kernel_root,Release/!Archives/v0.11.x/2026-03-31_1742_Blu_v0.11.0_Preview.zip,2026-03-31_1742_Blu_v0.11.0_Preview.zip,41193,ffae5cd545bc96c3469a058563b3ff46a1faee13e743fd6d984df5232a3f691f,available,readable,,preview_modular_kernel_era,False
BLU-HIST-0102,v0.11.0,2026-03-31,release,archive_file,dad_kernel_root,Release/!Archives/v0.11.x/2026-03-31_2300_Blu_v0.11.0_Preview.zip,2026-03-31_2300_Blu_v0.11.0_Preview.zip,42356,a630bb488443cda80989883078fc5fb9009f34005cb89a204f4393ae426a3837,available,readable,,preview_modular_kernel_era,False
BLU-HIST-0103,v0.11.1,2026-03-31,release,archive_file,dad_kernel_root,Release/!Archives/v0.11.x/2026-03-31_2341_Blu_v0.11.1_Preview.zip,2026-03-31_2341_Blu_v0.11.1_Preview.zip,43993,14b0d47a83647f1e4e195ed77931684b60ec961fb3e653343aef3b9768f786b0,available,readable,,preview_modular_kernel_era,False
BLU-HIST-0104,v0.11.2,2026-04-03,release,archive_file,dad_kernel_root,Release/!Archives/v0.11.x/2026-04-03_0000_Blu_v0.11.2_Preview.zip,2026-04-03_0000_Blu_v0.11.2_Preview.zip,44354,1e380f15d0630f0d1ff0df38230091ba15e21fc61ca9f5894df74e47ee682a1e,available,readable,,preview_modular_kernel_era,False
BLU-HIST-0105,v0.11.3,2026-04-03,release,archive_file,dad_kernel_root,Release/!Archives/v0.11.x/2026-04-03_0015_Blu_v0.11.3_Preview.zip,2026-04-03_0015_Blu_v0.11.3_Preview.zip,45448,c12aa2c894f2d56b7aba0d2f910381c67d6ce2c40bec3807f6cdbb22eb2e2ef4,available,readable,,preview_modular_kernel_era,False
BLU-HIST-0106,v0.11.4,2026-04-03,release,archive_file,dad_kernel_root,Release/!Archives/v0.11.x/2026-04-03_0035_Blu_v0.11.4_Preview.zip,2026-04-03_0035_Blu_v0.11.4_Preview.zip,44777,81bdda7e0b83702f91723c795041595ea09c25c39d71e0a7ac9e500af4291cd0,available,readable,,preview_modular_kernel_era,False
BLU-HIST-0107,v0.11.5,2026-04-04,release,archive_file,dad_kernel_root,Release/!Archives/v0.11.x/2026-04-04_0005_Blu_v0.11.5_Preview.zip,2026-04-04_0005_Blu_v0.11.5_Preview.zip,45560,3df8abf3200dd242cbf3618d6c6628acd67a9dc3897960cb68ed07199587e526,available,readable,,preview_modular_kernel_era,False
BLU-HIST-0108,v0.11.6,2026-04-04,release,archive_file,dad_kernel_root,Release/!Archives/v0.11.x/2026-04-04_0015_Blu_v0.11.6_Preview.zip,2026-04-04_0015_Blu_v0.11.6_Preview.zip,45906,4ce8a642cc4191377fae90c586806cd1179e75ee08c8c13cc8c2f91860229b36,available,readable,,preview_modular_kernel_era,False
BLU-HIST-0109,v0.11.7,2026-04-04,release,archive_file,dad_kernel_root,Release/!Archives/v0.11.x/2026-04-04_0030_Blu_v0.11.7_Preview.zip,2026-04-04_0030_Blu_v0.11.7_Preview.zip,46004,fca24c06601ab82bbd105cfc120b660b1ff7f904b088305d38bb1a6a08d2f40b,available,readable,,preview_modular_kernel_era,False
BLU-HIST-0110,v0.11.8,2026-04-04,release,archive_file,dad_kernel_root,Release/!Archives/v0.11.x/2026-04-04_0100_Blu_v0.11.8_Preview.zip,2026-04-04_0100_Blu_v0.11.8_Preview.zip,47558,9f00f88b18422d664e0b5b2a412fc8ab2384589818b2c9e983157c85f9d18568,available,readable,,preview_modular_kernel_era,False
BLU-HIST-0111,v0.12.0,2026-04-05,release,archive_file,dad_kernel_root,Release/!Archives/v0.12.x/2026-04-05_1425_Blu v0.12.0 Preview.zip,2026-04-05_1425_Blu v0.12.0 Preview.zip,26459,1bc4840894f05e024557352504e6280fd291f2d91e2b01325953ad41b1bba688,available,readable,,preview_modular_kernel_era,False
BLU-HIST-0112,v0.12.0,2026-04-05,release,archive_file,dad_kernel_root,Release/!Archives/v0.12.x/2026-04-05_1638_Blu v0.12.0 Preview.zip,2026-04-05_1638_Blu v0.12.0 Preview.zip,32773,113644dae49203e3dfc37356bf66173da08217472c8e0eaaf093d731e10c2192,available,readable,,preview_modular_kernel_era,False
BLU-HIST-0113,v0.12.0,2026-04-05,release,archive_file,dad_kernel_root,Release/!Archives/v0.12.x/2026-04-05_1638_Blu_v0.12.0_Preview.zip,2026-04-05_1638_Blu_v0.12.0_Preview.zip,36290,42c3c8e1d97fd6d799268c6dbea42e25e81483e80bd61f6b11014aaf44b2d327,available,readable,,preview_modular_kernel_era,False
BLU-HIST-0114,v0.12.0,2026-04-05,release,archive_file,dad_kernel_root,Release/!Archives/v0.12.x/2026-04-05_2127_Blu_v0.12.0_Preview.zip,2026-04-05_2127_Blu_v0.12.0_Preview.zip,37776,ea29362e9f6d840dfba36ffcd0e6502f26b3a537cdcc9c21e6ec78a4128f10ce,available,readable,,preview_modular_kernel_era,False
BLU-HIST-0115,v0.12.0,2026-04-05,release,archive_file,dad_kernel_root,Release/!Archives/v0.12.x/2026-04-05_2201_Blu_v0.12.0_Preview.zip,2026-04-05_2201_Blu_v0.12.0_Preview.zip,37635,e2552ba49b63fa0d1a9ae1906b74628d459e14ba9874541a932658d86fefc7d9,available,readable,,preview_modular_kernel_era,False
BLU-HIST-0116,v0.12.1,2026-04-05,release,archive_file,dad_kernel_root,Release/!Archives/v0.12.x/2026-04-05_Blu_v0.12.1_Preview.zip,2026-04-05_Blu_v0.12.1_Preview.zip,37835,e6171bfc37a762a415ba2b5a76219d110629af056a43c00466af28ba59cf92ba,available,readable,,preview_modular_kernel_era,False
BLU-HIST-0117,v0.13.0,2026-04-06,release,archive_file,dad_kernel_root,Release/!Archives/v0.13.x/2026-04-06_1125_Blu_v0.13.0_Preview.zip,2026-04-06_1125_Blu_v0.13.0_Preview.zip,40680,20595afedd4590ffa6f4e066cd2525bcf5b6b8a3f9c45833a6f95fc6feb930b6,available,readable,,preview_modular_kernel_era,False
BLU-HIST-0118,v0.13.1,2026-04-06,release,archive_file,dad_kernel_root,Release/!Archives/v0.13.x/2026-04-06_1707_Blu_v0.13.1_Preview.zip,2026-04-06_1707_Blu_v0.13.1_Preview.zip,45286,9a039578df8b1d19ab80f0bc0b88c77aac47d890ff7af7741ebcb35e41c999ce,available,readable,,preview_modular_kernel_era,False
BLU-HIST-0119,v0.13.2,2026-04-06,release,archive_file,dad_kernel_root,Release/!Archives/v0.13.x/2026-04-06_1735_Blu_v0.13.2_Preview.zip,2026-04-06_1735_Blu_v0.13.2_Preview.zip,48335,58f20cc60f1df4b2e5a311f02b4af4adb767a3263dc85eae223f704311546de7,available,readable,,preview_modular_kernel_era,False
BLU-HIST-0120,v0.13.3,2026-04-06,release,archive_file,dad_kernel_root,Release/!Archives/v0.13.x/2026-04-06_1755_Blu_v0.13.3_Preview.zip,2026-04-06_1755_Blu_v0.13.3_Preview.zip,42519,694567744bab509f595e7bcd35a6ffefd30b856ec3abe1855b3f0e98d6059f36,available,readable,,preview_modular_kernel_era,False
BLU-HIST-0121,v0.13.2,2026-04-07,release,archive_file,dad_kernel_root,Release/!Archives/v0.13.x/2026-04-07_1515_Blu_v0.13.2_Preview.zip,2026-04-07_1515_Blu_v0.13.2_Preview.zip,50207,fc74766011094ce1b58de1cff2f6e892b97bc703966b4543f89e12bf7d451daf,available,readable,,preview_modular_kernel_era,False
BLU-HIST-0122,v0.13.2,2026-04-07,release,archive_file,dad_kernel_root,Release/!Archives/v0.13.x/2026-04-07_1545_Blu_v0.13.2_Preview.zip,2026-04-07_1545_Blu_v0.13.2_Preview.zip,50479,d48a2995487043919674ccfb0b28dc1ad8d785a1df2a69f1ad96075dc70ed258,available,readable,DUP-002,preview_modular_kernel_era,False
BLU-HIST-0123,v0.13.2,2026-04-07,release,archive_file,dad_kernel_root,Release/!Archives/v0.13.x/2026-04-07_1600_Blu_v0.13.2_Baseline.zip,2026-04-07_1600_Blu_v0.13.2_Baseline.zip,50479,d48a2995487043919674ccfb0b28dc1ad8d785a1df2a69f1ad96075dc70ed258,available,readable,DUP-002,preview_modular_kernel_era,False
BLU-HIST-0124,v0.13.2,2026-04-07,release,archive_file,dad_kernel_root,Release/!Archives/v0.13.x/2026-04-07_1910_Blu_v0.13.2_Preview.zip,2026-04-07_1910_Blu_v0.13.2_Preview.zip,50681,4ed378a2e3690dce9d285042bafcc0cd30a02955896cb521d1f7c360e6527da5,available,readable,,preview_modular_kernel_era,False
BLU-HIST-0125,v0.13.2,2026-04-07,release,archive_file,dad_kernel_root,Release/!Archives/v0.13.x/2026-04-07_2217_Blu_v0.13.2_Preview.zip,2026-04-07_2217_Blu_v0.13.2_Preview.zip,51102,323b9b338699a1d5afd69490c8fbd416dc01fa70717c85412f39dd01cd0d9943,available,readable,,preview_modular_kernel_era,False
BLU-HIST-0126,v0.13.2,2026-04-07,release,archive_file,dad_kernel_root,Release/!Archives/v0.13.x/2026-04-07_2245_Blu_v0.13.2_GateTest_01.zip,2026-04-07_2245_Blu_v0.13.2_GateTest_01.zip,52239,07e57ff01b69ab7981534bb1a59553935139e1b1443f06c1bca41f83f8dbafba,available,readable,,preview_modular_kernel_era,False
BLU-HIST-0127,v0.13.2,2026-04-07,release,archive_file,dad_kernel_root,Release/!Archives/v0.13.x/2026-04-07_2335_Blu_v0.13.2_GateTest_03.zip,2026-04-07_2335_Blu_v0.13.2_GateTest_03.zip,67659,55ca4874e8c2ce4b2c6d80ea85ce8b3459324846f65a9b861ff9bfd2e5fb4eaf,available,readable,,preview_modular_kernel_era,True
BLU-HIST-0128,v0.13.2,2026-04-08,release,archive_file,dad_kernel_root,Release/!Archives/v0.13.x/2026-04-08_0748_Blu_v0.13.2_Baseline.zip,2026-04-08_0748_Blu_v0.13.2_Baseline.zip,49634,4658c5a7900b5fcf0af6bbc78dbb2a7e1da0eca708cd203f59110788365f0734,available,readable,,preview_modular_kernel_era,False
BLU-HIST-0129,v0.13.2,2026-04-08,release,archive_file,dad_kernel_root,Release/!Archives/v0.13.x/2026-04-08_1250_Blu_v0.13.2_Baseline.zip,2026-04-08_1250_Blu_v0.13.2_Baseline.zip,56910,430fc70052f8e8f0918edc49ee76516599c9a2e917c2f09303a3f7d65b680c57,available,readable,,preview_modular_kernel_era,False
BLU-HIST-0130,v0.13.13,2026-04-08,release,archive_file,dad_kernel_root,Release/!Archives/v0.13.x/2026-04-08_1500_Blu_v0.13.13_Preview.zip,2026-04-08_1500_Blu_v0.13.13_Preview.zip,64435,08351c4ca8244df1cc5b869c35f4526da5c92969274bb3b8c94e6e5fa77186f4,available,readable,,preview_modular_kernel_era,False
BLU-HIST-0131,v0.13.x,2026-04-08,release,archive_file,dad_kernel_root,Release/!Archives/v0.13.x/2026-04-08_1531_Blu_v13.2_Baseline.zip,2026-04-08_1531_Blu_v13.2_Baseline.zip,59920,45bf8692f147c9832add6869a8ecd03b2379e8e446c2f602b0e0ff993e778d9e,available,readable,,preview_modular_kernel_era,False
BLU-HIST-0132,v0.13.x,2026-04-08,release,archive_file,dad_kernel_root,Release/!Archives/v0.13.x/2026-04-08_2229_Blu_v13.2_Baseline.zip,2026-04-08_2229_Blu_v13.2_Baseline.zip,59976,07a639ba25c1797ec633ae9786124eb7265dd6a8e5b4fa51cf65cf85675f58e6,available,readable,,preview_modular_kernel_era,False
BLU-HIST-0133,v0.13.x,2026-04-08,release,archive_file,dad_kernel_root,Release/!Archives/v0.13.x/2026-04-08_2245_Blu_v13.2_Baseline.zip,2026-04-08_2245_Blu_v13.2_Baseline.zip,60503,493b4895491d7dd884483e1a69893525ea078bcaf24252df70fc6543818625df,available,readable,,preview_modular_kernel_era,False
BLU-HIST-0134,v0.13.3,2026-04-08,release,archive_file,dad_kernel_root,Release/!Archives/v0.13.x/2026-04-08_2250_Blu_v0.13.3_Baseline.zip,2026-04-08_2250_Blu_v0.13.3_Baseline.zip,60581,3fe94aba2867f05d45fe40f5b711807fdbec4b6f1f4ec1dbd738b748a5725a59,available,readable,,preview_modular_kernel_era,False
BLU-HIST-0135,v0.13.3,2026-04-09,release,archive_file,dad_kernel_root,Release/!Archives/v0.13.x/2026-04-09_Blu_v0.13.3_preview_patched_persona_mood.zip,2026-04-09_Blu_v0.13.3_preview_patched_persona_mood.zip,67635,f5ef95c245cae9994a0378929d7fd58d25ebb42bb6b4df316471163ac37a619b,available,readable,,preview_modular_kernel_era,False
BLU-HIST-0136,v0.13.3,2026-04-13,release,archive_file,dad_kernel_root,Release/!Archives/v0.13.x/2026-04-13_0932_Blu_v0.13.3_Preview.zip,2026-04-13_0932_Blu_v0.13.3_Preview.zip,69568,c558eb9b1c395d81a7f3fa919599ca4569f5405b0788fa384b5274957dcb03e8,available,readable,,preview_modular_kernel_era,False
BLU-HIST-0137,v0.13.3,2026-04-13,release,archive_file,dad_kernel_root,Release/!Archives/v0.13.x/2026-04-13_0932_Blu_v0.13.3_Preview_live_tracert_patch.zip,2026-04-13_0932_Blu_v0.13.3_Preview_live_tracert_patch.zip,71007,040c978fcf30122a30a9af4539c7d35fd499b74c35c993827c69479d268016f0,available,readable,,preview_modular_kernel_era,False
BLU-HIST-0138,v0.13.3,2026-04-13,release,archive_file,dad_kernel_root,Release/!Archives/v0.13.x/2026-04-13_0932_Blu_v0.13.3_Preview_tracert_payload_patch.zip,2026-04-13_0932_Blu_v0.13.3_Preview_tracert_payload_patch.zip,70973,477c692e7458dcb259a0a628549e81845510833c68b4fdf88414aee144327524,available,readable,,preview_modular_kernel_era,False
BLU-HIST-0139,v0.13.3,2026-04-13,release,archive_file,dad_kernel_root,Release/!Archives/v0.13.x/2026-04-13_0932_Blu_v0.13.3_Preview_tracert_unify_patch.zip,2026-04-13_0932_Blu_v0.13.3_Preview_tracert_unify_patch.zip,70500,ec28515c36ef4a656e56336c52c2e7e5e76f2fea6b9e748032afbb678132d364,available,readable,,preview_modular_kernel_era,False
BLU-HIST-0140,v0.13.3,2026-04-15,release,archive_file,dad_kernel_root,Release/!Archives/v0.13.x/2026-04-15_1000_Blu_v0.13.3_Preview.zip,2026-04-15_1000_Blu_v0.13.3_Preview.zip,69987,eed4ecf28852c55f128624e575382c17fa7190bf877355f0df11bb15f50926fd,available,readable,,preview_modular_kernel_era,False
BLU-HIST-0141,v0.13.4,2026-04-15,release,archive_file,dad_kernel_root,Release/!Archives/v0.13.x/2026-04-15_1030_Blu_v0.13.4_Preview.zip,2026-04-15_1030_Blu_v0.13.4_Preview.zip,69665,f1100b647ca9cfa73a6cd24048ec67bf2ccef3ed50d118fa204608cb1cba4b63,available,readable,,preview_modular_kernel_era,False
BLU-HIST-0142,v0.13.5,2026-04-15,release,archive_file,dad_kernel_root,Release/!Archives/v0.13.x/2026-04-15_1100_Blu_v0.13.5_Preview.zip,2026-04-15_1100_Blu_v0.13.5_Preview.zip,70920,e61e5dc0c8a94656b1fb97cd3e3c1e82f39ee5d51676f25464268ddc1d4e6257,available,readable,,preview_modular_kernel_era,False
BLU-HIST-0143,v0.13.6,2026-04-15,release,archive_file,dad_kernel_root,Release/!Archives/v0.13.x/2026-04-15_1130_Blu_v0.13.6_Preview.zip,2026-04-15_1130_Blu_v0.13.6_Preview.zip,71815,ad09560ab4f188708e818f464598f31f4c4b5c9478d1e594fa0530a03f579efe,available,readable,,preview_modular_kernel_era,False
BLU-HIST-0144,v0.13.7,2026-04-15,release,archive_file,dad_kernel_root,Release/!Archives/v0.13.x/2026-04-15_1200_Blu_v0.13.7_Preview.zip,2026-04-15_1200_Blu_v0.13.7_Preview.zip,72424,31619a7920a37ed7a3c5d0b0800e02c57c247609c637f8a1131e0d562d6a0c76,available,readable,,preview_modular_kernel_era,False
BLU-HIST-0145,v0.13.8,2026-04-15,release,archive_file,dad_kernel_root,Release/!Archives/v0.13.x/2026-04-15_1230_Blu_v0.13.8_Preview.zip,2026-04-15_1230_Blu_v0.13.8_Preview.zip,73370,c172e77ed425f175184c9f535809d67cc21f2366f86e25909fa649b4d8e9ef3e,available,readable,,preview_modular_kernel_era,False
BLU-HIST-0146,v0.13.9,2026-04-15,release,archive_file,dad_kernel_root,Release/!Archives/v0.13.x/2026-04-15_1735_Blu_v0.13.9_Preview.zip,2026-04-15_1735_Blu_v0.13.9_Preview.zip,73517,c342aff623f03ddc1ee7aa16d8d13ff2f6ff37c4413492f2a59cd280c2226152,available,readable,,preview_modular_kernel_era,False
BLU-HIST-0147,v0.13.10,2026-04-15,release,archive_file,dad_kernel_root,Release/!Archives/v0.13.x/2026-04-15_1800_Blu_v0.13.10_Preview.zip,2026-04-15_1800_Blu_v0.13.10_Preview.zip,73881,6d710e4e8b4d6b5d2f76454415bf208fbf42b9e648e4eacb3d4994589c1bf388,available,readable,,preview_modular_kernel_era,False
BLU-HIST-0148,v0.13.11,2026-04-15,release,archive_file,dad_kernel_root,Release/!Archives/v0.13.x/2026-04-15_1830_Blu_v0.13.11_Preview.zip,2026-04-15_1830_Blu_v0.13.11_Preview.zip,74476,df481a8a836c379cd60305a711d0e4305bdf1a0c7297c1c40c72f5d8cc5cc6e8,available,readable,,preview_modular_kernel_era,False
BLU-HIST-0149,v0.13.12,2026-04-16,release,archive_file,dad_kernel_root,Release/!Archives/v0.13.x/2026-04-16_0930_Blu_v0.13.12_Preview.zip,2026-04-16_0930_Blu_v0.13.12_Preview.zip,75622,6fa3cf4fb23c87cf7331fb7038c9f4f027c9619b0ab40ac6e848d5e21affe39e,available,readable,,preview_modular_kernel_era,False
BLU-HIST-0150,v0.13.13,2026-04-16,release,archive_file,dad_kernel_root,Release/!Archives/v0.13.x/2026-04-16_1152_Blu_v0.13.13_Preview.zip,2026-04-16_1152_Blu_v0.13.13_Preview.zip,70533,ec2c7ba787b463478aa407029825af74da9724e1c7080bb0304526881eb19360,available,readable,,preview_modular_kernel_era,False
BLU-HIST-0151,v0.13.14,2026-04-16,release,archive_file,dad_kernel_root,Release/!Archives/v0.13.x/2026-04-16_1305_Blu_v0.13.14_Preview.zip,2026-04-16_1305_Blu_v0.13.14_Preview.zip,71052,3e0913df0464c64879d59ab6cd0405051171606c73b271523dcb67cb000ff538,available,readable,,preview_modular_kernel_era,False
BLU-HIST-0152,v0.13.15,2026-04-17,release,archive_file,dad_kernel_root,Release/!Archives/v0.13.x/2026-04-17_0912_Blu_v0.13.15_Preview.zip,2026-04-17_0912_Blu_v0.13.15_Preview.zip,71397,fe3dc2394222eb6c163c898a091681b210c56d4796ae78e5d0da54d946b3dc71,available,readable,,preview_modular_kernel_era,False
BLU-HIST-0153,v0.13.16,2026-04-17,release,archive_file,dad_kernel_root,Release/!Archives/v0.13.x/2026-04-17_0958_Blu_v0.13.16_Preview.zip,2026-04-17_0958_Blu_v0.13.16_Preview.zip,71776,040522ccfe20168c77513e3085fa945d66c6f110facaf45750daba0f0d2426ac,available,readable,,preview_modular_kernel_era,False
BLU-HIST-0154,v0.13.17,2026-04-17,release,archive_file,dad_kernel_root,Release/!Archives/v0.13.x/2026-04-17_1155_Blu_v0.13.17_Preview.zip,2026-04-17_1155_Blu_v0.13.17_Preview.zip,72542,93d0ce82279150f310d5a8d31ea792aff129b1d4664c582dde194ae43491ee1f,available,readable,,preview_modular_kernel_era,False
BLU-HIST-0155,v0.13.18,2026-04-17,release,archive_file,dad_kernel_root,Release/!Archives/v0.13.x/2026-04-17_1324_Blu_v0.13.18_Preview.zip,2026-04-17_1324_Blu_v0.13.18_Preview.zip,74336,403f86ccc80ac9804cabfd7545c6dae1068eceff64d6e45722a53f96080cdea4,available,readable,,preview_modular_kernel_era,False
BLU-HIST-0156,v0.13.19,2026-04-17,release,archive_file,dad_kernel_root,Release/!Archives/v0.13.x/2026-04-17_1600_Blu_v0.13.19_Preview.zip,2026-04-17_1600_Blu_v0.13.19_Preview.zip,75047,f1c6f8585e3b67230f97c806eedd550efa70b2d20df0371417bc9eec8f13b881,available,readable,,preview_modular_kernel_era,False
BLU-HIST-0157,v0.14.0,2026-04-18,release,archive_file,dad_kernel_root,Release/!Archives/v0.14.x/2026-04-18_1801_Blu_v0.14.0_Alpha_Baseline_Phase_2.zip,2026-04-18_1801_Blu_v0.14.0_Alpha_Baseline_Phase_2.zip,76428,32c6c761fb18974d263d41a4374393683ee5071683a83c2c1eb5f30cf698c1a9,available,readable,,preview_modular_kernel_era,False
BLU-HIST-0158,v0.14.0,2026-04-18,release,archive_file,dad_kernel_root,Release/!Archives/v0.14.x/2026-04-18_1856_Blu_v0.14.0_Alpha_Baseline_Phase_3.zip,2026-04-18_1856_Blu_v0.14.0_Alpha_Baseline_Phase_3.zip,78161,32a89856e52bfdca615f691f4536822caf3fa70ae873334de448ea2c2e079a9d,available,readable,,preview_modular_kernel_era,False
BLU-HIST-0159,v0.14.0,2026-04-18,release,archive_file,dad_kernel_root,Release/!Archives/v0.14.x/2026-04-18_2216_Blu_v0.14.0_Alpha_Baseline_Phase_4.zip,2026-04-18_2216_Blu_v0.14.0_Alpha_Baseline_Phase_4.zip,81407,0eca0678ce7617c6bcdb88bb612ec6ab027bbeaff59630a67b301e2315175704,available,readable,,preview_modular_kernel_era,False
BLU-HIST-0160,v0.14.0,2026-04-18,release,archive_file,dad_kernel_root,Release/!Archives/v0.14.x/2026-04-18_2238_Blu_v0.14.0_Alpha_Baseline_Phase_5.zip,2026-04-18_2238_Blu_v0.14.0_Alpha_Baseline_Phase_5.zip,81247,dc2e36172988fcb0ee480cfd38d74720cdc063635f8806b851ee2b25770b2684,available,readable,,preview_modular_kernel_era,False
BLU-HIST-0161,v0.14.0,2026-04-18,release,archive_file,dad_kernel_root,Release/!Archives/v0.14.x/2026-04-18_2326_Blu_v0.14.0_Alpha_Baseline_Phase_6.zip,2026-04-18_2326_Blu_v0.14.0_Alpha_Baseline_Phase_6.zip,82595,db0b45ab80da0de2a6f1d68580bf8668e665e79f6bb0486a5443bd66fa03cfce,available,readable,,preview_modular_kernel_era,False
BLU-HIST-0162,v0.14.0,2026-04-18,release,archive_file,dad_kernel_root,Release/!Archives/v0.14.x/2026-04-18_2334_Blu_v0.14.0_Alpha_Baseline_Phase_7.zip,2026-04-18_2334_Blu_v0.14.0_Alpha_Baseline_Phase_7.zip,81108,802141cf3186ca31daa4523b0d9a0c850f7c72d151c1996882752aaf35c542ee,available,readable,,preview_modular_kernel_era,False
BLU-HIST-0163,v0.15.0,2026-04-19,release,archive_file,dad_kernel_root,Release/!Archives/v0.15.x/2026-04-19_2243_Blu_v0.15.0_Baseline.zip,2026-04-19_2243_Blu_v0.15.0_Baseline.zip,76332,fae5b4771ddbba4b7ac76f00205d783bcd2434ee0ce66f65e7d51eedfefdcc69,available,readable,,preview_modular_kernel_era,False
BLU-HIST-0164,v0.15.0,2026-04-20,release,archive_file,dad_kernel_root,Release/!Archives/v0.15.x/2026-04-20_1419_Blu_v0.15.0_Baseline.zip,2026-04-20_1419_Blu_v0.15.0_Baseline.zip,78912,07c37edfd87747abd5ab01316b3a0e647830bdbdda14d07ea955fb27993a45db,available,readable,,preview_modular_kernel_era,False
BLU-HIST-0165,v0.15.0,2026-04-21,release,archive_file,dad_kernel_root,Release/!Archives/v0.15.x/2026-04-21_1913_Blu_v0.15.0_Baseline.zip,2026-04-21_1913_Blu_v0.15.0_Baseline.zip,79640,d7d4e45164d6e0639d87d511ef535a20c8fe848a7d0628629d230aba2c7673d0,available,readable,,preview_modular_kernel_era,False
BLU-HIST-0166,v0.15.0,2026-04-21,release,archive_file,dad_kernel_root,Release/!Archives/v0.15.x/2026-04-21_2305_Blu_v0.15.0_Baseline.zip,2026-04-21_2305_Blu_v0.15.0_Baseline.zip,79738,337d47ab51360eb200c10a1e0044a77fcf8b5ceb9c3a18374fe5db0c0cb95750,available,readable,,preview_modular_kernel_era,False
BLU-HIST-0167,v0.15.0,2026-04-21,release,archive_file,dad_kernel_root,Release/!Archives/v0.15.x/2026-04-21_2359_Blu_v0.15.0_Baseline.zip,2026-04-21_2359_Blu_v0.15.0_Baseline.zip,79751,5602f1a2caf54e3cdf0657fd24acdf0081a7a6500d95a2cca9cec224ab2a3e90,available,readable,,preview_modular_kernel_era,False
BLU-HIST-0168,v0.15.0,2026-04-28,release,archive_file,dad_kernel_root,Release/!Archives/v0.15.x/2026-04-28_1135_Blu_v0.15.0_Baseline.zip,2026-04-28_1135_Blu_v0.15.0_Baseline.zip,81277,44dfd04428d7913c6ca806e703bfd86bf3d6797072d3fa9e63666d037df11f44,available,readable,,preview_modular_kernel_era,False
BLU-HIST-0169,v0.15.0,2026-04-30,release,archive_file,dad_kernel_root,Release/!Archives/v0.15.x/2026-04-30_0150_Blu_v0.15.0_Baseline.zip,2026-04-30_0150_Blu_v0.15.0_Baseline.zip,86093,8dd27cebf03714eb63a399b1d266d483c7c53b5c70e56fcbf5787fd827ae8777,available,readable,,preview_modular_kernel_era,False
BLU-HIST-0170,v0.15.1,2026-05-01,release,archive_file,dad_kernel_root,Release/!Archives/v0.15.x/2026-05-01_1900_Blu_v0.15.1_Baseline.zip,2026-05-01_1900_Blu_v0.15.1_Baseline.zip,83413,d408b49ccdc86a3e10f2a35f9a9695ddbdf6688c5047497114cf71047a5a4ba1,available,readable,,preview_modular_kernel_era,False
BLU-HIST-0171,v0.15.2,2026-05-02,release,archive_file,dad_kernel_root,Release/!Archives/v0.15.x/2026-05-02_1333_Blu_v0.15.2_Baseline.zip,2026-05-02_1333_Blu_v0.15.2_Baseline.zip,102865,f11cfa6ddc242e210499f8b8b3b96443726629d6ac14fb8040326238230a16ae,available,readable,,preview_modular_kernel_era,False
BLU-HIST-0172,v0.16.0,2026-05-03,release,archive_file,dad_kernel_root,Release/!Archives/v0.16.x/2026-05-03_1621_Blu_v0.16.0_DevBuild_rX.zip,2026-05-03_1621_Blu_v0.16.0_DevBuild_rX.zip,127895,1344008d8939e7a4d162ce63aba33a6c22a86d62326ea1734a81df48fa0ae706,available,readable,,mega_exec_era,False
BLU-HIST-0173,v0.16.0,2026-05-03,release,archive_file,dad_kernel_root,Release/!Archives/v0.16.x/2026-05-03_1625_Blu_v0.16.0_DevBuild_r0.zip,2026-05-03_1625_Blu_v0.16.0_DevBuild_r0.zip,132009,ef585d2a09e9a31892750f33c2cf82d993e7eeece8fc86eb70d6e5f2537bf08e,available,readable,,mega_exec_era,False
BLU-HIST-0174,v0.16.0,2026-05-03,release,archive_file,dad_kernel_root,Release/!Archives/v0.16.x/2026-05-03_1628_Blu_v0.16.0_DevBuild_r1.zip,2026-05-03_1628_Blu_v0.16.0_DevBuild_r1.zip,132842,fbda8b8a5735323778d4c84c7e76c859f746786de7e051250c104e2132cdd907,available,readable,,mega_exec_era,False
BLU-HIST-0175,v0.16.0,2026-05-03,release,archive_file,dad_kernel_root,Release/!Archives/v0.16.x/2026-05-03_1651_Blu_v0.16.0_DevBuild_r2.zip,2026-05-03_1651_Blu_v0.16.0_DevBuild_r2.zip,133572,5755c0049a512fc199d11654b45f3dea7e5130b11f132a297ecdc23604c24fdb,available,readable,,mega_exec_era,False
BLU-HIST-0176,v0.16.0,2026-05-03,release,archive_file,dad_kernel_root,Release/!Archives/v0.16.x/2026-05-03_1702_Blu_v0.16.0_DevBuild_r3.zip,2026-05-03_1702_Blu_v0.16.0_DevBuild_r3.zip,134367,95a57b8fd95df8e725b31d8fb31c79831bae5314ea2afcedb0d47bf12b1ba51c,available,readable,,mega_exec_era,False
BLU-HIST-0177,v0.16.0,2026-05-03,release,archive_file,dad_kernel_root,Release/!Archives/v0.16.x/2026-05-03_1706_Blu_v0.16.0_DevBuild_r3.zip,2026-05-03_1706_Blu_v0.16.0_DevBuild_r3.zip,129906,7320dbe6668007b3a6fca22765c8d175d3329a6de4bd722289be401e6af2daec,available,readable,,mega_exec_era,False
BLU-HIST-0178,v0.16.0,2026-05-03,release,archive_file,dad_kernel_root,Release/!Archives/v0.16.x/2026-05-03_1823_Blu_v0.16.0_DevBuild_r4.zip,2026-05-03_1823_Blu_v0.16.0_DevBuild_r4.zip,132229,ce54ae53cb5473cc71a149688f569dda7c939d86c2691b8a8bd3c13264bda009,available,readable,,mega_exec_era,False
BLU-HIST-0179,v0.16.0,2026-05-03,release,archive_file,dad_kernel_root,Release/!Archives/v0.16.x/2026-05-03_1900_Blu_v0.16.0_DevBuild_r8.zip,2026-05-03_1900_Blu_v0.16.0_DevBuild_r8.zip,132566,023e9957f826a130df719f502f2845216f15430d55d6cebd8cbc6b5ca1559997,available,readable,,mega_exec_era,False
BLU-HIST-0180,v0.16.0,2026-05-03,release,archive_file,dad_kernel_root,Release/!Archives/v0.16.x/2026-05-03_2029_Blu_v0.16.0_DevBuild_r9.zip,2026-05-03_2029_Blu_v0.16.0_DevBuild_r9.zip,135165,174440bef8700fc4caf8c9f578649dca0f03a5ab0de69accb81c7c31b2772eba,available,readable,,mega_exec_era,False
BLU-HIST-0181,v0.16.0,2026-05-03,release,archive_file,dad_kernel_root,Release/!Archives/v0.16.x/2026-05-03_2109_Blu_v0.16.0_DevBuild_r9.1.zip,2026-05-03_2109_Blu_v0.16.0_DevBuild_r9.1.zip,136727,eac9b8a40afe50178f9effdc6291f94eb7625c946df238bcd909fcc88a552759,available,readable,,mega_exec_era,False
BLU-HIST-0182,v0.16.0,2026-05-03,release,archive_file,dad_kernel_root,Release/!Archives/v0.16.x/2026-05-03_2213_Blu_v0.16.0_DevBuild_r9.2.zip,2026-05-03_2213_Blu_v0.16.0_DevBuild_r9.2.zip,137426,03119c557c9f64d5434cf7e470c01a8c6a9007a816ba6ac4eba359ee2d587185,available,readable,,mega_exec_era,False
BLU-HIST-0183,v0.16.0,2026-05-04,release,archive_file,dad_kernel_root,Release/!Archives/v0.16.x/2026-05-04_0744_Blu_v0.16.0_DevBuild_r9.3.2.zip,2026-05-04_0744_Blu_v0.16.0_DevBuild_r9.3.2.zip,145736,42ca3bae13397b02bbfa32baef14ad209349171f79b07d6d9cf3a5368d237345,available,readable,,mega_exec_era,False
BLU-HIST-0184,v0.16.0,2026-05-04,release,archive_file,dad_kernel_root,Release/!Archives/v0.16.x/2026-05-04_1028_Blu_v0.16.0_DevBuild_r9.3.3.zip,2026-05-04_1028_Blu_v0.16.0_DevBuild_r9.3.3.zip,147922,146fa9392fba406dd18f80b4a91b88696b23231bf702e8ca9836d9822d6357f5,available,readable,,mega_exec_era,False
BLU-HIST-0185,v0.16.0,2026-05-04,release,archive_file,dad_kernel_root,Release/!Archives/v0.16.x/2026-05-04_2312_Blu_v0.16.0_DevBuild_r9.3.9.zip,2026-05-04_2312_Blu_v0.16.0_DevBuild_r9.3.9.zip,150657,865a9fee4dcf18a039b1d0178ea7b45cb8b88313a7996ff320e0d47063f7bd97,available,readable,,mega_exec_era,False
BLU-HIST-0186,v0.16.0,2026-05-05,release,archive_file,dad_kernel_root,Release/!Archives/v0.16.x/2026-05-05_0015_Blu_v0.16.0_DevBuild_r9.3.11.zip,2026-05-05_0015_Blu_v0.16.0_DevBuild_r9.3.11.zip,159067,795baedb6b1771b864f6d7eb163b1de06df95772cad2e67fb502cdaeb63a3cbe,available,readable,,mega_exec_era,False
BLU-HIST-0187,v0.16.0,2026-05-05,release,archive_file,dad_kernel_root,Release/!Archives/v0.16.x/2026-05-05_2249_Blu_v0.16.0_DevBuild_r9.3.12.zip,2026-05-05_2249_Blu_v0.16.0_DevBuild_r9.3.12.zip,154965,ab6fa4b52f591fe6eae1940bf7cf6eded44aa51c83d6bfd2c80b60f365b10c60,available,readable,,mega_exec_era,False
BLU-HIST-0188,v0.16.0,2026-05-06,release,archive_file,dad_kernel_root,Release/!Archives/v0.16.x/2026-05-06_0006_Blu_v0.16.0_DevBuild_r9.3.17_simcode_export.zip,2026-05-06_0006_Blu_v0.16.0_DevBuild_r9.3.17_simcode_export.zip,168149,4129a3cf1266393891d482564a274f77dd96471fc8263ffa600b80a875314b2c,available,readable,,mega_exec_era,False
BLU-HIST-0189,v0.16.0,2026-05-06,release,archive_file,dad_kernel_root,Release/!Archives/v0.16.x/2026-05-06_0023_Blu_v0.16.0_DevBuild_r9.3.23_mood_selector_smart_fix.zip,2026-05-06_0023_Blu_v0.16.0_DevBuild_r9.3.23_mood_selector_smart_fix.zip,179378,489262e330dfbe14e50957e62577ee677d631fc0c3facc38bcc2c998d4a07856,available,readable,,mega_exec_era,False
BLU-HIST-0190,v0.16.0,2026-05-06,release,archive_file,dad_kernel_root,Release/!Archives/v0.16.x/2026-05-06_0024_Blu_v0.16.0_DevBuild_r9.3.24_full_diag_board.zip,2026-05-06_0024_Blu_v0.16.0_DevBuild_r9.3.24_full_diag_board.zip,183526,a9da04f4ffbfb355cd37c99aba4676511933cb8b62467a002e2511b170ec6ffd,available,readable,,mega_exec_era,False
BLU-HIST-0191,v0.16.0,2026-05-06,release,archive_file,dad_kernel_root,Release/!Archives/v0.16.x/2026-05-06_0025_Blu_v0.16.0_DevBuild_r9.3.25_adapter_registry_pack.zip,2026-05-06_0025_Blu_v0.16.0_DevBuild_r9.3.25_adapter_registry_pack.zip,187165,d7811173209c74a04f2fbd637cd64d9b166fcb985ace12d6e83b9e0142b161b2,available,readable,,mega_exec_era,False
BLU-HIST-0192,v0.16.0,2026-05-06,release,archive_file,dad_kernel_root,Release/!Archives/v0.16.x/2026-05-06_0026_Blu_v0.16.0_DevBuild_r9.3.26_greeting_exec_preview_gate_probe_pack.zip,2026-05-06_0026_Blu_v0.16.0_DevBuild_r9.3.26_greeting_exec_preview_gate_probe_pack.zip,184057,84966414c2554b3ddef02435c28593af27cbeecac849e8a451d6b5f868dea983,available,readable,,mega_exec_era,False
BLU-HIST-0193,v0.16.0,2026-05-06,release,archive_file,dad_kernel_root,Release/!Archives/v0.16.x/2026-05-06_0028_Blu_v0.16.0_DevBuild_r9.3.26_calli_auth_identity_binding_review_patch.zip,2026-05-06_0028_Blu_v0.16.0_DevBuild_r9.3.26_calli_auth_identity_binding_review_patch.zip,191175,e3d1d42319aad05c587b4480fb9a3989a298f3b0a999e829033253e27d6fa0fb,available,readable,,mega_exec_era,False
BLU-HIST-0194,v0.16.0,2026-05-06,release,archive_file,dad_kernel_root,Release/!Archives/v0.16.x/2026-05-06_0029_Blu_v0.16.0_DevBuild_r9.3.29_mood_humor_containment_fix.zip,2026-05-06_0029_Blu_v0.16.0_DevBuild_r9.3.29_mood_humor_containment_fix.zip,194398,d1e460aaddd7592fc1b3497803774ad4d7acb1084ae20f2a8e8676526835abab,available,readable,,mega_exec_era,False
BLU-HIST-0195,v0.16.0,2026-05-06,release,archive_file,dad_kernel_root,Release/!Archives/v0.16.x/2026-05-06_0030_Blu_v0.16.0_DevBuild_r9.3.30_devmode_live_diag_board.zip,2026-05-06_0030_Blu_v0.16.0_DevBuild_r9.3.30_devmode_live_diag_board.zip,198626,2d9fed0e590056f1125765dc4b79f6ddd8cd24e3fbec4b22779b2f090d0a7f68,available,readable,,mega_exec_era,True
BLU-HIST-0196,v0.16.0,2026-05-06,release,archive_file,dad_kernel_root,Release/!Archives/v0.16.x/2026-05-06_0035_Blu_v0.16.0_DevBuild_r9.3.35_programs_runtimegate_alignment.zip,2026-05-06_0035_Blu_v0.16.0_DevBuild_r9.3.35_programs_runtimegate_alignment.zip,144898,70a9c445b220d0f52383236b34fee793eb53a07a7273cf615342d6d7cc54bf32,available,readable,,mega_exec_era,False
BLU-HIST-0197,v0.16.0,2026-05-06,release,archive_file,dad_kernel_root,Release/!Archives/v0.16.x/2026-05-06_0036b_Blu_v0.16.0_DevBuild_r9.3.36b_commands_help_surface_alignment.zip,2026-05-06_0036b_Blu_v0.16.0_DevBuild_r9.3.36b_commands_help_surface_alignment.zip,146309,c0b0ecf9067bcfc0eb1e49a6f301dbdb8adb15d2f61fefbc1fa984080a8b40f3,available,readable,,mega_exec_era,False
BLU-HIST-0198,v0.16.0,2026-05-06,release,archive_file,dad_kernel_root,Release/!Archives/v0.16.x/2026-05-06_0037_Blu_v0.16.0_DevBuild_r9.3.37_execlib_runtimegate_alignment.zip,2026-05-06_0037_Blu_v0.16.0_DevBuild_r9.3.37_execlib_runtimegate_alignment.zip,147697,53e2f9a75cd44def744e6972cd85735d93b092d8ba6614f129a7439f023a87e7,available,readable,,mega_exec_era,False
BLU-HIST-0199,v0.16.0,2026-05-06,release,archive_file,dad_kernel_root,Release/!Archives/v0.16.x/2026-05-06_0038_Blu_v0.16.0_DevBuild_r9.3.38_mood_execution_owner_binding.zip,2026-05-06_0038_Blu_v0.16.0_DevBuild_r9.3.38_mood_execution_owner_binding.zip,148881,dd7f93bf1bd37e830955b705a1c939e459e5bdacfdaf5644328f59c0996173a7,available,readable,,mega_exec_era,False
BLU-HIST-0200,v0.16.0,2026-05-06,release,archive_file,dad_kernel_root,Release/!Archives/v0.16.x/2026-05-06_0039_Blu_v0.16.0_DevBuild_r9.3.39_mood_stack_hard_rewrite.zip,2026-05-06_0039_Blu_v0.16.0_DevBuild_r9.3.39_mood_stack_hard_rewrite.zip,150823,e44c35cd0f86c9f97444be99627647452ba12000bbe53a0ec5ef612022106696,available,readable,,mega_exec_era,False
BLU-HIST-0201,v0.16.0,2026-05-07,release,archive_file,dad_kernel_root,Release/!Archives/v0.16.x/2026-05-07_1554_Blu_v0.16.0_DevBuild_r9.3.43.zip,2026-05-07_1554_Blu_v0.16.0_DevBuild_r9.3.43.zip,144216,25da8da62f3719a2a0addc9636a095f2cca0ac4e9c27227673e04da49c2489b0,available,readable,,mega_exec_era,False
BLU-HIST-0202,v0.16.0,2026-05-07,release,archive_file,dad_kernel_root,Release/!Archives/v0.16.x/2026-05-07_1554_Blu_v0_16_0_DevBuild_r9_3.43.zip,2026-05-07_1554_Blu_v0_16_0_DevBuild_r9_3.43.zip,144863,c75add104c8e72a0a492f076002ed0e544ee8a5d6c7cd86a4c3e064281141e47,available,readable,,mega_exec_era,False
BLU-HIST-0203,v0.16.0,2026-05-07,release,archive_file,dad_kernel_root,Release/!Archives/v0.16.x/2026-05-07_1554_Blu_v0_16_0_DevBuild_r9_3.44.zip,2026-05-07_1554_Blu_v0_16_0_DevBuild_r9_3.44.zip,135284,8abc0807cc1f342aabb108e79bb69bee9271af9626677a1058d500075e63afcd,available,readable,,mega_exec_era,False
BLU-HIST-0204,v0.16.0,2026-05-07,release,archive_file,dad_kernel_root,Release/!Archives/v0.16.x/2026-05-07_1554_Blu_v0_16_0_DevBuild_r9_3.44_devmode_fix.zip,2026-05-07_1554_Blu_v0_16_0_DevBuild_r9_3.44_devmode_fix.zip,514031,1644d12197fe4aae86ece3501289dd6298f778559a1b99139422d1c427b5c34a,available,readable,,mega_exec_era,False
BLU-HIST-0205,v0.16.0,2026-05-07,release,archive_file,dad_kernel_root,Release/!Archives/v0.16.x/2026-05-07_1554_Blu_v0_16_0_DevBuild_r9_3_43_PATCHED.zip,2026-05-07_1554_Blu_v0_16_0_DevBuild_r9_3_43_PATCHED.zip,158124,02cf65e61f836a28083a880e971c1d786020fe244e2f388270da950aa162b69b,available,readable,DUP-001,mega_exec_era,False
BLU-HIST-0206,v0.16.0,2026-05-07,release,archive_file,dad_kernel_root,Release/!Archives/v0.16.x/2026-05-07_1554_Blu_v0_16_0_DevBuild_r9_3_43_PATCHED_memory_mmu.zip,2026-05-07_1554_Blu_v0_16_0_DevBuild_r9_3_43_PATCHED_memory_mmu.zip,151673,4c9106319c4fd30f44c1d9ec8eba5ec5464db7d12f8cda84ed59b810d7eb411d,available,readable,,mega_exec_era,False
BLU-HIST-0207,v0.16.0,2026-05-07,release,archive_file,dad_kernel_root,Release/!Archives/v0.16.x/2026-05-07_1554_Blu_v0_16_0_DevBuild_r9_3_43_PATCHED_memory_mmu_statetree.zip,2026-05-07_1554_Blu_v0_16_0_DevBuild_r9_3_43_PATCHED_memory_mmu_statetree.zip,155663,69b0af025e285a22bae513548828e92f594906f98fe86481f0a954102fcdfeaf,available,readable,,mega_exec_era,False
BLU-HIST-0208,v0.16.0,2026-05-07,release,archive_file,dad_kernel_root,Release/!Archives/v0.16.x/2026-05-07_1554_Blu_v0_16_0_DevBuild_r9_3_43_PATCHED_memory_mmu_statetree_commands.zip,2026-05-07_1554_Blu_v0_16_0_DevBuild_r9_3_43_PATCHED_memory_mmu_statetree_commands.zip,157162,a33d805e9d9ee7a816ef9fc7eadf0e56cd0a9968af7d90c17a8b0b53a1fa48c1,available,readable,,mega_exec_era,False
BLU-HIST-0209,v0.16.0,2026-05-07,release,archive_file,dad_kernel_root,Release/!Archives/v0.16.x/2026-05-07_1554_Blu_v0_16_0_DevBuild_r9_3_43_PATCHED_memory_mmu_statetree_commands_instructions_cleanup.zip,2026-05-07_1554_Blu_v0_16_0_DevBuild_r9_3_43_PATCHED_memory_mmu_statetree_commands_instructions_cleanup.zip,157281,7e256eedaf29ae49395a3dfa6d993f4e30cb1742d62e25a762ce8b29a54e237a,available,readable,,mega_exec_era,False
BLU-HIST-0210,v0.16.0,2026-05-07,release,archive_file,dad_kernel_root,Release/!Archives/v0.16.x/2026-05-07_1554_Blu_v0_16_0_DevBuild_r9_3_43_PATCHED_memory_mmu_statetree_commands_instructions_cleanup_datenorm.zip,2026-05-07_1554_Blu_v0_16_0_DevBuild_r9_3_43_PATCHED_memory_mmu_statetree_commands_instructions_cleanup_datenorm.zip,158124,02cf65e61f836a28083a880e971c1d786020fe244e2f388270da950aa162b69b,available,readable,DUP-001,mega_exec_era,False
BLU-HIST-0211,v0.20.0,2026-05-08,release,archive_file,dad_kernel_root,Release/!Archives/v0.20.x/2026-05-08_0000_Blu_v0.20.0_Alpha_R1.zip,2026-05-08_0000_Blu_v0.20.0_Alpha_R1.zip,134444,8c907b8ab8792e11d8776c59e13759610546c120438a3a58297112a40a0b05e4,available,readable,,mega_exec_to_compact_transition_era,True
BLU-HIST-0212,v0.20.0,2026-05-08,release,archive_file,dad_kernel_root,Release/!Archives/v0.20.x/2026-05-08_0000_Blu_v0.20.0_Alpha_R2.1.zip,2026-05-08_0000_Blu_v0.20.0_Alpha_R2.1.zip,42572,447cb4312dabfd09a90e9eb6c4daf97334c714be9c23a2f424f56116e91fb745,available,readable,,mega_exec_to_compact_transition_era,False
BLU-HIST-0213,v0.20.0,2026-05-08,release,archive_file,dad_kernel_root,Release/!Archives/v0.20.x/2026-05-08_0000_Blu_v0.20.0_Alpha_R2.zip,2026-05-08_0000_Blu_v0.20.0_Alpha_R2.zip,41307,b33abd4ca78eda4bbad11849eda54f6fba33654880aee4547c192d1af62a58ea,available,readable,,mega_exec_to_compact_transition_era,False
BLU-HIST-0214,v0.20.0,2026-05-08,release,archive_file,dad_kernel_root,Release/!Archives/v0.20.x/2026-05-08_0000_Blu_v0.20.0_Alpha_R3.zip,2026-05-08_0000_Blu_v0.20.0_Alpha_R3.zip,43663,9bda2e528f9e24b94c1444a86ae8e74def8de18003e13546f2b291563e740c47,available,readable,,mega_exec_to_compact_transition_era,False
BLU-HIST-0215,v0.20.0,2026-05-08,release,archive_file,dad_kernel_root,Release/!Archives/v0.20.x/2026-05-08_0000_Blu_v0.20.0_Alpha_R3_1.zip,2026-05-08_0000_Blu_v0.20.0_Alpha_R3_1.zip,44179,6258ebf315cdb2d22df6757ce06df56732b72d2a7f2d9cf427a0e7f83603c172,available,readable,,mega_exec_to_compact_transition_era,False
BLU-HIST-0216,v0.20.0,2026-05-08,release,archive_file,dad_kernel_root,Release/!Archives/v0.20.x/2026-05-08_0000_Blu_v0.20.0_Alpha_R4.zip,2026-05-08_0000_Blu_v0.20.0_Alpha_R4.zip,46873,b5f82f1c5bca0f4968b60d9498abdc4db8ca9b058bdf83bfdf1155b8f5ea29ea,available,readable,,mega_exec_to_compact_transition_era,False
BLU-HIST-0217,v0.20.0,2026-05-08,release,archive_file,dad_kernel_root,Release/!Archives/v0.20.x/2026-05-08_0000_Blu_v0.20.0_Alpha_R4_1.zip,2026-05-08_0000_Blu_v0.20.0_Alpha_R4_1.zip,47564,8b18b50a87be1d60ae8127695f9ed02f9e0772b471be2e7e481b192890d3fab6,available,readable,,mega_exec_to_compact_transition_era,False
BLU-HIST-0218,v0.20.0,2026-05-08,release,archive_file,dad_kernel_root,Release/!Archives/v0.20.x/2026-05-08_0000_Blu_v0.20.0_Alpha_R4_2.zip,2026-05-08_0000_Blu_v0.20.0_Alpha_R4_2.zip,47950,984ea68aa073abb596b2378244cef6a928ed96b0b963d189c7f71e3a635fc57f,available,readable,,mega_exec_to_compact_transition_era,False
BLU-HIST-0219,v0.20.0,2026-05-08,release,archive_file,dad_kernel_root,Release/!Archives/v0.20.x/2026-05-08_0000_Blu_v0.20.0_Alpha_R4_4.zip,2026-05-08_0000_Blu_v0.20.0_Alpha_R4_4.zip,53744,493728305564342fef37cdba8e61bbe8862ea7b473d373d31f3638da31d6b8c5,available,readable,,mega_exec_to_compact_transition_era,False
BLU-HIST-0220,v0.20.0,2026-05-08,release,archive_file,dad_kernel_root,Release/!Archives/v0.20.x/2026-05-08_0000_Blu_v0.20.0_Alpha_R4_5.zip,2026-05-08_0000_Blu_v0.20.0_Alpha_R4_5.zip,51716,1fe8bfb3b260b4c918e45d90e71353333104e0e40d51be70e56e5d1752949bf2,available,readable,,mega_exec_to_compact_transition_era,False
BLU-HIST-0221,v0.20.0,2026-05-08,release,archive_file,dad_kernel_root,Release/!Archives/v0.20.x/2026-05-08_0000_Blu_v0.20.0_Alpha_R4_6.zip,2026-05-08_0000_Blu_v0.20.0_Alpha_R4_6.zip,52538,64b96717830e0ae2f56426057d6825a5e0e8106e5ff36bf825808840de89c3d1,available,readable,,mega_exec_to_compact_transition_era,False
BLU-HIST-0222,v0.20.0,2026-05-08,release,archive_file,dad_kernel_root,Release/!Archives/v0.20.x/2026-05-08_0000_Blu_v0.20.0_Alpha_R4_7.zip,2026-05-08_0000_Blu_v0.20.0_Alpha_R4_7.zip,60753,2938971420fabb98cffe4b21095adf3ce6755c1cd29631f493f3f760aac9a14a,available,readable,,mega_exec_to_compact_transition_era,False
BLU-HIST-0223,v0.20.0,2026-05-09,release,archive_file,dad_kernel_root,Release/!Archives/v0.20.x/2026-05-09_Blu_v0.20.0_Alpha_R4_7_AUTH_FIX_PATCHED_KERNEL.zip,2026-05-09_Blu_v0.20.0_Alpha_R4_7_AUTH_FIX_PATCHED_KERNEL.zip,62061,cea6fb95bfe79089c80e7f0976889fd385501bc01f1d4332c4ed2e0b37c6049e,available,readable,,mega_exec_to_compact_transition_era,False
BLU-HIST-0224,v0.20.0,2026-05-10,release,archive_file,dad_kernel_root,Release/!Archives/v0.20.x/2026-05-10_0000_Blu_v0.20.0_Alpha_R4_10_0.zip,2026-05-10_0000_Blu_v0.20.0_Alpha_R4_10_0.zip,78034,e53ff1a5313c870f82b15bfa04eed54661d4e88e54ac1f1ac3598610f7c8efa8,available,readable,,mega_exec_to_compact_transition_era,False
BLU-HIST-0225,v0.20.0,2026-05-10,release,archive_file,dad_kernel_root,Release/!Archives/v0.20.x/2026-05-10_0000_Blu_v0.20.0_Alpha_R4_11_0.zip,2026-05-10_0000_Blu_v0.20.0_Alpha_R4_11_0.zip,82187,113ca2b3490af31578b51a9c310395e73ab96885ed53c8a21dd4da7ed8e1da29,available,readable,,mega_exec_to_compact_transition_era,False
BLU-HIST-0226,v0.20.0,2026-05-10,release,archive_file,dad_kernel_root,Release/!Archives/v0.20.x/2026-05-10_0000_Blu_v0.20.0_Alpha_R4_8.zip,2026-05-10_0000_Blu_v0.20.0_Alpha_R4_8.zip,64133,805347bb7f1d044c8f6efd44b8ed5759b5dbd605bef51a1d4f433b5bb51d3a68,available,readable,,mega_exec_to_compact_transition_era,False
BLU-HIST-0227,v0.20.0,2026-05-10,release,archive_file,dad_kernel_root,Release/!Archives/v0.20.x/2026-05-10_0000_Blu_v0.20.0_Alpha_R4_8_MMU.zip,2026-05-10_0000_Blu_v0.20.0_Alpha_R4_8_MMU.zip,70412,1a322e95e12ddefa8023912fc36942326671d1a5a3fc8c1ad4ab483280bc62ae,available,readable,,mega_exec_to_compact_transition_era,False
BLU-HIST-0228,v0.20.0,2026-05-10,release,archive_file,dad_kernel_root,Release/!Archives/v0.20.x/2026-05-10_0000_Blu_v0.20.0_Alpha_R4_9_0_memory_alpha.zip,2026-05-10_0000_Blu_v0.20.0_Alpha_R4_9_0_memory_alpha.zip,71396,61af6af85cd97c86604f805ad3f2f517c1c8da12d7db6d99b6b6037981cbf7b7,available,readable,,mega_exec_to_compact_transition_era,False
BLU-HIST-0229,v0.20.0,2026-05-10,release,archive_file,dad_kernel_root,Release/!Archives/v0.20.x/2026-05-10_0000_Blu_v0.20.0_Alpha_R4_9_1.zip,2026-05-10_0000_Blu_v0.20.0_Alpha_R4_9_1.zip,75157,80d3044d2b3153450eef72bcad9d4f3ecd1fea41d18f1cb0b7fbbc14cf6bb01b,available,readable,,mega_exec_to_compact_transition_era,False
BLU-HIST-0230,v0.20.0,2026-05-10,release,archive_file,dad_kernel_root,Release/!Archives/v0.20.x/2026-05-10_0000_Blu_v0.20.0_Alpha_R4_9_2.zip,2026-05-10_0000_Blu_v0.20.0_Alpha_R4_9_2.zip,77004,7ee16782bd63aaa272f6912f6594763dd0bd65b34c388f2951ae9e2b0dcca98e,available,readable,,mega_exec_to_compact_transition_era,False
BLU-HIST-0231,v0.20.0,2026-05-10,release,archive_file,dad_kernel_root,Release/!Archives/v0.20.x/2026-05-10_0000_Blu_v0.20.0_Alpha_R4_9_3.zip,2026-05-10_0000_Blu_v0.20.0_Alpha_R4_9_3.zip,78496,6d63c20e5629c1e848e68d15272421141e0c166bec6bd954dbaba986afbeb928,available,readable,,mega_exec_to_compact_transition_era,False
BLU-HIST-0232,v0.20.0,2026-05-10,release,archive_file,dad_kernel_root,Release/!Archives/v0.20.x/2026-05-10_0000_Blu_v0.20.0_Alpha_R4_9_4.zip,2026-05-10_0000_Blu_v0.20.0_Alpha_R4_9_4.zip,78116,5c1ab67026a53a58cd83102227a1abf4de794a92a77a629faf12319c1817e980,available,readable,,mega_exec_to_compact_transition_era,False
BLU-HIST-0233,v0.20.0,2026-05-10,release,archive_file,dad_kernel_root,Release/!Archives/v0.20.x/2026-05-10_0000_Blu_v0.20.0_Alpha_R4_9_5.zip,2026-05-10_0000_Blu_v0.20.0_Alpha_R4_9_5.zip,80435,52daaa469bedc94c79145f967be43545360be197d86b5ab40776e0edf6b9e3a1,available,readable,,mega_exec_to_compact_transition_era,False
BLU-HIST-0234,v0.20.0,2026-05-10,release,archive_file,dad_kernel_root,Release/!Archives/v0.20.x/2026-05-10_0000_Blu_v0.20.0_Alpha_R4_9_6.zip,2026-05-10_0000_Blu_v0.20.0_Alpha_R4_9_6.zip,74411,d1be8cfece8469204f4285201b6a40b1667cae4882feed11b4d22280ac91c750,available,readable,,mega_exec_to_compact_transition_era,False
BLU-HIST-0235,v0.20.0,2026-05-10,release,archive_file,dad_kernel_root,Release/!Archives/v0.20.x/2026-05-10_0000_Blu_v0.20.0_Alpha_R4_9_7.zip,2026-05-10_0000_Blu_v0.20.0_Alpha_R4_9_7.zip,78655,90619e2accd5a67d318cc8dd3e7a28a501fdb0a46597872981e7cbe4d67005a7,available,readable,,mega_exec_to_compact_transition_era,False
BLU-HIST-0236,v0.20.0,2026-05-10,release,archive_file,dad_kernel_root,Release/!Archives/v0.20.x/2026-05-10_0000_Blu_v0.20.0_Alpha_R4_9_8.zip,2026-05-10_0000_Blu_v0.20.0_Alpha_R4_9_8.zip,76745,49f6e1bd08407bc9a324d675babf0d8514de0f6c3be5cfebf23b3e11b40b4d9c,available,readable,,mega_exec_to_compact_transition_era,False
BLU-HIST-0237,v0.20.0,2026-05-10,release,archive_file,dad_kernel_root,Release/!Archives/v0.20.x/2026-05-10_0000_Blu_v0.20.0_Alpha_R4_9_9.zip,2026-05-10_0000_Blu_v0.20.0_Alpha_R4_9_9.zip,77665,5275dd1c4985060fcd84c65203df44e6d5fdf9084a68bd8d00be978f1021e3a9,available,readable,,mega_exec_to_compact_transition_era,False
BLU-HIST-0238,v0.20.0,2026-05-12,release,archive_file,dad_kernel_root,Release/!Archives/v0.20.x/2026-05-12_0000_Blu_v0.20.0_Alpha_R4_11_1.zip,2026-05-12_0000_Blu_v0.20.0_Alpha_R4_11_1.zip,175170,013f22c4bb2b036304b6f217fd628230d3f57a532a6cce3c8499cca106eb8cbf,available,readable,,mega_exec_to_compact_transition_era,False
BLU-HIST-0239,v0.20.0,2026-05-12,release,archive_file,dad_kernel_root,Release/!Archives/v0.20.x/2026-05-12_0000_Blu_v0.20.0_Alpha_R4_11_2.zip,2026-05-12_0000_Blu_v0.20.0_Alpha_R4_11_2.zip,74809,fe0cf81f3314ae831c7d2045405afcb120114204ae3deea3f5723a2752d898ee,available,readable,,mega_exec_to_compact_transition_era,False
BLU-HIST-0240,v0.20.0,2026-05-13,release,archive_file,dad_kernel_root,Release/!Archives/v0.20.x/2026-05-13_0000_Blu_v0.20.0_Alpha_R4_11_3.zip,2026-05-13_0000_Blu_v0.20.0_Alpha_R4_11_3.zip,78625,1ec975065706621ffcd7b76a2a0691e1bbfb0153697c8a6e3ff5d1cc40630f3d,available,readable,,mega_exec_to_compact_transition_era,False
BLU-HIST-0241,v0.20.0,2026-05-13,release,archive_file,dad_kernel_root,Release/!Archives/v0.20.x/2026-05-13_0000_Blu_v0.20.0_Alpha_R4_11_3_1.zip,2026-05-13_0000_Blu_v0.20.0_Alpha_R4_11_3_1.zip,77730,21848d94143c7bb20c153c8be0f8f7e3ca910a5954e028bbe738eca93f48afdd,available,readable,,mega_exec_to_compact_transition_era,False
BLU-HIST-0242,v0.20.0,2026-05-19,release,archive_file,dad_kernel_root,Release/!Archives/v0.20.x/2026-05-19_Blu_v0.20.0_Alpha_R4_11_3_2_PASS_v3_1_1_kernel_update.zip,2026-05-19_Blu_v0.20.0_Alpha_R4_11_3_2_PASS_v3_1_1_kernel_update.zip,97635,307090f613fda07b701d9b5824d6e3a21b43b509fb6e168bb933666706a5c29a,available,readable,,mega_exec_to_compact_transition_era,False
BLU-HIST-0243,v0.20.0,2026-05-19,release,archive_file,dad_kernel_root,Release/!Archives/v0.20.x/2026-05-19_Blu_v0.20.0_Alpha_R4_11_3_3_WuSao_ScopeLock.zip,2026-05-19_Blu_v0.20.0_Alpha_R4_11_3_3_WuSao_ScopeLock.zip,99982,2216d8f1d42ab219739ab7c2a4425496955e90d2042539c0c131748712b7104b,available,readable,,mega_exec_to_compact_transition_era,False
BLU-HIST-0244,v0.21.0,2026-05-20T17:30:41.510023+00:00,dev,archive_file,dad_kernel_root,DevBuild/!Archives/v0.21.x/Blu_v0_21_0_GateKernel_Kernel.zip,Blu_v0_21_0_GateKernel_Kernel.zip,117245,aa7f0c2732f353ba7d5e203846cffd095278183f9ad0367182ae870197a23978,available,readable,,gatekernel_compact_transition_era,False
BLU-HIST-0245,v0.21.0,2026-05-22T04:46:53.889533+00:00,dev,archive_file,dad_kernel_root,DevBuild/!Archives/v0.21.x/Blu_v0.21.0_Last_Three_Cleaned.zip,Blu_v0.21.0_Last_Three_Cleaned.zip,82419,8de98b74a3a573d8fef9a80e4849568198a8e16013efe218ccc41b910a91f88e,available,readable,,gatekernel_compact_transition_era,True
BLU-HIST-0246,v0.22.0,2026-05-22,dev,archive_file,dad_kernel_root,DevBuild/!Archives/Blu_v0_22_0_5_22_26_2104_CTS.zip,Blu_v0_22_0_5_22_26_2104_CTS.zip,69881,7b630e186581d678f1089f63c9ac3ea3c40da9156f9a47adece324f10656d409,available,readable,,hardened_compact_cts_era,True
